date,title,link,content
2023-06-20 16:40:03,"檢, '면목동 부친 살해' 김씨 구속기소",https://n.news.naver.com/mnews/article/079/0003782346?sid=102,"[
검찰, '면목동 부친 살해' 30대 남성 구속 기소아버지 살해한 뒤 아파트 지하 집수정에 유기…존속살해·사체은닉 혐의



연합뉴스70대 아버지를 살해하고 아파트 지하 집수정에 유기한 30대 남성이 재판에 넘겨졌다.서울북부지검 강력범죄전담부(부장검사 이영화)는 20일 존속살해, 사체 은닉 혐의로 김씨를 구속 기소했다.김씨는 지난달 29일 부모와 함께 사는 서울 중랑구 면목동의 한 아파트에서 아버지(70)를 흉기로 살해한 후 같은 건물 지하에 있는 집수정에 시신을 유기한 혐의를 받는다.경찰은 이날 0시 48분쯤 ""지하 주차장에 끌고 간 것으로 보이는 핏자국이 있다""는 신고를 받고 출동해 지하 2층 주차장 기계실 집수정에서 김씨 아버지의 시신을 발견했다.이후 경찰은 지하 2층 기계실부터 이 아파트 5층 김씨 집까지 혈흔이 연결된 점 등을 토대로 이날 오전 2시 24분쯤 집에 있던 김씨를 긴급 체포했다.김씨는 경찰 조사에서 ""평상시 아버지로부터 잔소리를 듣는 등 스트레스를 많이 받아 범행을 저질렀다""고 진술했다.검찰 관계자는 ""사건 송치 후 대검 통합심리분석 등의 보완수사를 실시해 범행 과정, 범행 동기 등을 명확히 한 후 기소했다""고 밝혔다.※CBS노컷뉴스는 여러분의 제보로 함께 세상을 바꿉니다. 각종 비리와 부당대우, 사건사고와 미담 등 모든 얘깃거리를 알려주세요.이메일 : jebo@cbs.co.kr카카오톡 : @노컷뉴스사이트 : https://url.kr/b71afn
]"
2023-06-19 16:44:08,"""소금 뿐 아니라 김·미역까지""…식품업계, 방사능 검사 강화",https://n.news.naver.com/mnews/article/003/0011922283?sid=101,"[




[서울=뉴시스] 권창회 기자 = 일본 후쿠시마 원전 오염수 방류가 임박하면서 방류되기 전에 구매하겠다는 소비 심리로 천일염, 즉 소금 대란이 벌어지고 있다. 소금 뿐만 아니라 김, 미역 등 수산물 소비 위축도 우려되고 있는 상황이다. 13일 오후 서울 시내 대형마트에서 한 시민의 카트에 소금이 쌓여 있다. 2023.06.13. kch0523@newsis.com[서울=뉴시스]김혜경 기자 = 일본 후쿠시마 제1원전 오염수 방류를 앞두고 시민들의 먹거리 불안감이 커지고 있다. 오염수 방류 전 천일염을 사재기하는가 하면 김이나 미역·다시마 등 수산물을 사재기 하는 소비자들도 일부 있는 것으로 전해진다.학부모들 사이에서는 급식 재료에 대한 우려까지 나오는 등 오염수 방류를 앞두고 소비자들 사이에서는 불안감이 가중되고 있다. 이에 수산물을 취급하는 식품업체를 중심으로 방사능 검사를 강화하는 등 소비자 불안을 잠재우기 위한 대책 마련에 한창이다.  19일 관련 업계에 따르면 동원산업·사조대림·오뚜기 등 참치 원물을 가공해 통조림 제품을 제조하는 식품사들은 방사능 안전 검사에 만전을 기한다는 방침이다. 동원그룹은 이미 올해 초부터 원재료 및 완제품에 대한 안전성 검증을 위해 방사능 분석을 대폭 강화하는 등 서둘러 대책 마련에 나섰다.동원은 원재료 및 완제품의 검사 항목을 2배 늘렸고, 분기별 1회 또는 연 1회였던 검사 주기 역시 매월 1회 또는 분기별 1회로 강화했다. 또한 공인 기관인 내부 식품안전센터와 더불어 외부 공인기관까지 투트랙으로 검사 기관에 대한 기준도 한층 강화했다.동원산업 관계자는 ""동원 참치는 남태평양에서 어획 하고 있기 때문에 후쿠시마 원전 오염수 방류와 무관하다""면서도 ""오염수에 대한 소비자들의 우려를 알고 있기에 검증을 강화했다""고 말했다.사조대림과 오뚜기도 일단 기존대로 방사능 안전 검사를 유지하면서 품질 관리를 강화한다는 방침이다. 대상은 오염수 방류에 따라 국산 소금 생산에 차질을 빚을 경우 암염·호수염 등으로 대체하거나 유럽권 수산물을 수입하는 방안도 고려하고 있다.대상 관계자는 ""일례로 후쿠시마 오염수로 국산 소금 생산에 문제가 발생할 경우, 암염이나 호수염을 대체제로 사용한다거나 아시아권이 아닌 유럽권 수산물을 수입해 사용하는 방법 등에 대해 고민하고 있다""고 했다.급식 업체들도 대책 마련에 나섰다.CJ프레시웨이는 당분간 랍스터와 대게, 새우, 훈제연어 등 국내 수요가 높은 대중성 어류는 북유럽 등에서 대체 품목을 수급해 제공한다는 계획이다.아워홈은 일반 수산물 전 품목에 대한 방사능 검사를 지난 4월 완료했으며, 추가 재실시할 계획이다. 특히 공급량이 많은 가자미·삼치·고등어·동태·갈치 등 냉동어류는 공급안정성 확보를 위해 최소 4개월 이상 사용할 수 있는 비축분을 보유하고 있다는 설명이다.삼성웰스토리는 오염수 방류 대응을 위해 지난 2월부터 남해에서 잡히는 11개 어종에 대해 매월 방사능 검사를 실시하고 있다. 삼성웰스토리는 원전 오염수가 방류되기 이전부터 선제적인 검사를 진행해 향후 방류 시 방사능 영향 정도를 비교할 수 있는 기준 데이터를 확보한다는 계획이다. 또한 오염수와 무관한 해역인 대서양의 수산물 어종을 신규 발굴하고, 어류 단백질을 대신할 수 있는 육류 및 식물성 단백질 메뉴를 개발하는 등 선제적인 대비를 추진하고 있다. 하지만 수산물을 취급하지 않거나 취급양이 적은 업체들은 아직 상황을 예의주시하는 분위기다. 삼양식품은 ""일본 오염수 방출이 라면에 직접적으로 영향을 미치는 부분은 없을 것으로 판단되지만, 관련 사안에 대해서는 지속적으로 모니터링할 계획이다""라고 밝혔다. 농심은 새우깡 제조 등에 일부 수산물을 사용하지만 아직 특별한 대책을 논의하는 단계는 아닌 것으로 확인됐다. 수산물을 활용한 제품을 생산하면서도 입장 발표에 소극적인 업체도 있다. 김부터 어묵 등 다수의 수산물 제품을 취급하는 한 주요 식품업체는 오염수 관련 대책에 대해 입장을 밝히지 않았다. 이 회사의 한 관계자는 ""후쿠시마 오염수 방류 이전부터 방사능 검사에 만전을 다하고 있다""고만 했다. 그러면서 ""오염수 관련 대책 등 입장을 발표하면 현 정부와 각을 세우는 것으로도 비춰질 수 있다""며 언급을 회피했다. 더불어민주당 등 야당에서는 정부가 후쿠시마 오염수 방류를 사실상 용인하는 것 아니냐며 비판하는 상황이다.빕스·뚜레쥬르 등을 운영하는 CJ푸드빌도 오염수와 관련해 ""현재로선 특별한 대책을 마련하지 않았다""는 입장이다. 식품사들의 자체 대책만으로는 한계가 있다는 목소리도 나온다. 정부가 나서 국민 불안감을 해소하지 못하면 수산물 제품 구매 감소 및 소비 위축으로 이어질 것이란 우려다.한편 후쿠시마 원전 오염수는 2011년 동일본 대지진 때 녹아내린 핵연료를 식히는 데 사용된 물이다. 일본은 오염수를 정화한 뒤 바닷물에 희석시켜 해저터널을 통해 후쿠시마 해안 1㎞ 바깥의 바다에 방류한다는 방침이다.일본 정부는 원전 운용사인 도쿄전력이 이달 중 방류 설비 공사를 마무리하고, 국제원자력기구(IAEA)가 이르면 이달 중 내놓을 최종 보고서에서 특별한 문제점을 지적하지 않으면 이번 여름에 오염수 방류를 강행할 방침이다．
]"
2023-06-20 13:52:37,'우산 쓴 김에',https://n.news.naver.com/mnews/article/001/0014013352?sid=103,"[




    (서울=연합뉴스) 서대연 기자 = 비가 내린 20일 오후 어린이들이 서울 종로구 광화문광장에서 우산을 쓰고 분수를 통과하고 있다. 2023.6.20    dwise@yna.co.kr
]"
2023-06-19 06:39:56,'50도 육박' 美 남부 김 피어올랐다…전세계 '살인 더위' 몸살,https://n.news.naver.com/mnews/article/025/0003287718?sid=104,"[
    기상이변에 따른 6월의 폭염이 세계 곳곳을 덮치고 있다.       18일(현지시간) EFE 통신에 따르면 인도 북부에서는 최근 며칠째 일일 최고기온이 40∼45도에 이르는 이상고온 현상이 이어졌으며, 지난 3일 동안 총 54명이 온열 관련 질환으로 사망한 것으로 집계됐다.       



멕시코서 폭염 속 물통을 이고 가는 남성. 로이터=연합뉴스           우타르프라데시주(州) 보건당국은 희생자 대부분이 60세 이상으로 만성 질환을 앓았으며, 햇볕에 장기간 노출되면서 열사병·탈수 증세로 인한 합병증이 사망 원인이라고 밝혔다.       북중미 지역도 해수 온난화 현상인 '엘니뇨'의 영향으로 예년보다 훨씬 높은 기온을 기록하고 있다.       AP 통신은 전날 텍사스부터 루이지애나, 플로리다에 이르는 미국 남부 전역에 김이 피어오를 정도의 고온 현상이 이어지고 있다고 보도했다.       텍사스 휴스턴에서는 수은주가 46도까지 치솟았고, 브라운스빌과 코퍼스크리스티의 경우 49도를 찍었다.       



미국 텍사스 댈러스의 한 분수에서 무더위 식히는 소년. AP=연합뉴스       멕시코도 한낮 기온이 40도를 훌쩍 넘는 불볕 더위가 이어지고 있다. 전날 멕시코 보건부는 이번 폭염 기간 동안 최고기온이 45도까지 오를 것으로 내다봤다.       보건부는 3월 19일부터 지난 주까지 열사병과 열경련 등 환자가 487명 발생했다고 밝혔다. 베라크루스, 킨타나로오, 소노라, 오악사카 등지에서 8명이 숨지기도 했다.       앞서 유럽연합(EU) 기후변화 감시기구인 코페르니쿠스 기후변화서비스(C3S)는 이번 달 들어 지구 온난화 현상이 두드러지게 나타났고, 전 세계 평균기온이 지난 1979년 기록한 6월 최고 기온보다 1도 정도 높은 상태라고 밝혔다.       기상학자들은 아직 6월이 절반 밖에 지나지 않았기 때문에 이달 평균 기온이 이전 최고 기록에 못 미칠 수도 있지만, 엘니뇨 현상을 감안하면 올해가 역대 가장 더웠던 2016년보다 뜨거울 수 있다고 우려한다.   
]"
2023-06-19 11:19:01,난 일본 오염수 걱정할 때 발빠른 김대리는 엔저 투자해 돈 벌었다고?,https://n.news.naver.com/mnews/article/009/0005145822?sid=101,"[
원·엔 환율, 8년 만에 800원대4대은행 지난달 엔화 매도액 302억만엔…한달새 73억엔↑



 [사진 제공 = 연합뉴스]지난해 초만 해도 100엔당 1000원 수준이던 일본 엔화 가치가 하락하는 엔저 현상이 지속되면서 ‘노재팬’에서 ‘바이재팬’으로 분위기가 전환되고 있다.역대급 엔저 현상에 여름 휴가철과 맞물려 일본 여행과 환차익을 노리기 위해 원화를 엔화로 바꾸는 환전 규모가 작년 이맘때의 약 5배에 이르고, 엔화 예금과 일본 주식 투자도 증가하고 있다.19일 금융권에 따르면 일본은행이 금융 완화책을 유지하기로 결정한 가운데 이날 원·엔 환율이 8년 만에 100엔당 800원대를 터치했다. 이날 오전 8시 23분 기준 원·엔 재정환율은 100엔당 897.49원이다. 원·엔 환율이 800원대에 진입한 것은 2015년 6월 이후 8년 만이다.원·엔 환율은 800원대를 터치한 뒤 소폭 올라 현재 100엔당 900원대 초반 흐름을 보이고 있다.미국 중앙은행인 연방준비제도(연준)의 긴축 기조가 막바지에 접어들었다는 기대감이 시장에 퍼지면서 대표적인 안전자산으로 여겨지는 금을 비롯해 달러화, 그리고 엔화까지 가격이 가파르게 떨어지고 있다.국내에서는 엔저 열풍을 활용한 일본 관련 투자가 노재팬을 딛고 되살아나는 분위기다.이웅찬 하이투자증권 연구원은 “일본 증시의 상승세가 놀라울 정도로 지속되고 있다”며 “시가총액 기준인 동경주가지수(TOPIX)는 잃어버린 30년이 시작됐던 1990년의 고점이 멀지 않은 상황”이라고 말했다.이런 분위기에 편승해 일본 주식 투자도 늘고 있다. 금융투자업계에 따르면 자본총계 기준 상위 8개 주요 증권사(미래에셋·한국투자·NH투자·삼성·하나·KB·메리츠·신한투자증권)에 예치된 엔화 예수금 및 일본 주식 평가금액은 15일 기준 총 4조946억원으로 나타났다.이는 1년 전인 지난해 6월말(3조1922억원)보다 9000억원 이상 늘고, 올해 1월말(3조4933억원)과 비교해도 6000억원 이상 증가한 수치다.엔화를 싼값에 사려는 수요도 늘고 있다. 국내 4대 은행(KB국민·신한·하나·우리)의 5월 엔화 매도액은 301억6700만엔(약 2727억원)으로, 4월(228억3900만엔)보다 73억엔 이상 증가했다. 고객의 요구에 따라 원화를 받고 은행이 엔화를 내준(매도) 환전 규모가 300억엔을 넘어섰다는 의미다. 이는 지난해 같은 달(62억8500만엔)의 약 5배(4.8배)에 달하는 수치다.4대 은행의 엔화 예금 잔액도 이달 15일 현재 8109억7400만엔으로 지난해 6월말 대비 38%가량 뛰었다. 현재의 엔화 수준이 저점이라고 판단하고 투자에 나선 것으로 보인다.
]"
2023-06-19 20:19:01,"""맛소금 공급 안 돼 조미김 못 만들고 있다""…'소금 품귀' 불똥",https://n.news.naver.com/mnews/article/437/0000347759?sid=101,"[
[앵커]김치 담글 때 쓰는 천일염에 이어서, 이젠 반찬 만들 때 넣는 맛소금도 모자라다고 합니다. 당장 맛소금이 끊긴 조미김 업체는 김을 만들지 못해서 비상이 걸렸습니다.오원석 기자입니다.[기자]장을 보러 나온 소비자가 소금을 사러 왔다가 발길을 돌립니다.김치 담글 때 넣는 천일염에서 시작된 품귀 현상이 이젠 반찬이나 찌개 간 맞출 때 쓰는 맛소금으로 번지고 있습니다.마트의 소금 코너입니다.보시는 것처럼 맛소금이 텅 비어있습니다.이렇게 맛소금이 부족해지자 당장 맛소금을 뿌려 만드는 이 조미김 생산업체에 비상이 걸렸습니다.조미김 생산 업체들은 당황스럽습니다.당장 조미김을 새로 못 만들고 있어서 국내 공급은 물론 수출까지 타격을 받게 됐습니다.[양태용/한국김수출협회장 : 맛소금 공급이 전혀 안 되고 있거든요. 지금 김을 못 만들고 있는 거죠. 갑작스럽게 멈춰버리니까 협회 회원사들도 쩔쩔매고 있는 상태거든요.]국내 맛소금 1위 업체인 대상은 ""맛소금도 공급이 달리고 있기 때문에 소금을 제때 못 받는 업체가 있다""고 말했습니다.[민희숙/서울 수색동 : 소금을 구할 수가 없대요. 저희 친구들도 모이면 그런 얘기를 많이 해요. 흔하게 먹을 수 있는 게 김인데 소금이 없어서 김을 생산을 못 한다 그러면 심각해지죠.]이러다가 김뿐만 아니라 소금을 넣어 만드는 다른 가공식품이나 반찬도 줄줄이 생산을 중단할 수 있단 우려가 나옵니다.(리서처 : 박지홍)
		]"
2023-06-20 17:40:30,"애플트리김약사네, 6월 상반기 결산 ‘패밀리위크’ 진행",https://n.news.naver.com/mnews/article/008/0004901776?sid=101,"[
			바이오 헬스케어 전문기업 팜스빌의 대표 브랜드 '애플트리김약사네'가 오는 25일까지 공식 자사몰에서 6월 상반기 결산 '패밀리위크' 프로모션을 진행한다고 20일 밝혔다.이번 패밀리위크에서는 모든 상품을 최대 68%까지 할인하고 모든 회원에게 5% 할인 쿠폰을 지급한다. 또한 모든 제품에 대해 2배의 적립금을 적용한다. 이와 함께 구매 고객 중 5명을 선정, 적립금 1만원을 추가 증정한다.특히 TOP7(톱7)으로 선정된 제품들은 구매 금액의 적립금을 기존보다 5배 더 지급한다. 톱7 제품은 △닥터지 프로바이오틱스 △비타민스토리 맥스 멀티비타민 앤 미네랄 포틴 △PS 초유프로틴+ 콜라겐 △관절살리도 9988 △PS 바로 느껴지는 미인 콜라겐+ △시너지 코엔자임Q10 △닥터솔루션 그린 프로폴리스 등이다.팜스빌 관계자는 ""상반기 결산을 맞아 더 풍성한 혜택으로 고객을 만나기 위해 이번 패밀리위크를 준비했다""면서 ""할인과 적립금 혜택을 통해 더욱 저렴한 금액으로 팜스빌 제품을 만나기 바란다""고 말했다.



사진제공=팜스빌
]"
2023-06-19 14:00:00,베니스 비엔날레 수상 가능성 높이려면?…'디아스포라'에 몰린 상 [김기자의 문화이야기],https://n.news.naver.com/mnews/article/057/0001750113?sid=103,"[
브라질관의 '지구', 베니스 비엔날레 총감독의 '의도'와 명확히 부합한국관 '2086: 우리는 어떻게?'…기발했지만 낮았던 '수상 가능성'여러 국가관이 주목한 단골 주제는 '기후 위기'  올해 베니스 비엔날레 건축전이 개막한 지 오늘(19일)로써 한 달째가 됩니다. 베니스 비엔날레의 최고 영예인 황금사자상은 지난달 20일 비식민지화와 탈탄소를 주제로 자국 이미지를 지구로 표현한 브라질관의 작품 '지구(Terra)'가 받았는데요.  한국문화예술위원회와 함께 베니스 비엔날레 현지를 취재한 기자단의 일원으로서 올해 수상 결과를 보면 어떤 시사점을 얻을 수 있는지, 올해 여러 국가관들의 전시는 어떤 것들로 준비되었는지 등을 종합적으로 돌아보고자 합니다.본전시 의도 명확히 파악해야…'디아스포라'가 핵심  올해 총감독 레슬리 로코가 미리 드러낸 주제 의식은 명확했습니다. 그녀가 제시한 올해 본전시의 주제는 '미래의 실험실'. 얼핏 단어만 보면 모호해 보일 수 있지만, 명백한 사전 설명이 있었습니다. 로코는 ""'미래의 실험실'에 89명의 참가자가 포함되어 있으며, 그중 절반 이상이 아프리카 또는 아프리카 디아스포라 출신""이라며 ""'미래의 실험실'은 두 가지 주제인 탈식민화와 탈탄소화와 직접적으로 관련돼 있다""고 말했습니다.  즉, 로코가 제시한 주제 속에 함의된 것은 '디아스포라의 미래'라고 봐야 마땅합니다. 디아스포라는 팔레스타인을 떠나 세계 각지로 흩어진 유대인을 지칭하죠. 여기에서는 보다 넓게 본토를 떠나 타지에서 자신들의 규범과 관습을 유지한 채 살아가는 여러 민족 집단들과 그 거주지를 가리켰다고 봐야 하겠죠. 로코는 그동안의 건축은 주류의 목소리만 들었기 때문에 틀렸다기보다는 불완전하다고도 주장했습니다.



올해 베니스 비엔날레 본전시 '미래의 실험실'에서 소개된 아프리카 소재 건축물 중 하나 [사진=MBN]  로코는 심지어 ""전시장에는 젊은 아프리카와 디아스포라의 실무자들, 우리의 미래의 손님들이 있다, 우리는 참가자들을 건축가나 도시계획 전문가가 아닌 '실천가'로 프레임화하기로 선택했다""고까지 말하며 예술감독으로서의 의도를 명확히 했습니다. 베니스 비엔날레재단의 로베르토 시쿠토 회장은 ""소외된 인류의 일부분에 주의를 기울이고, 다양한 목소리에 열리는 시작점이 되길 기대한다""고 화답했습니다.  그런 의미에서 브라질관의 '지구(Terra)'의 수상 소식은 납득 가능합니다. 다수의 수상 이력이 있는 국가관이 아니기 때문에 수상을 점치는 분위기는 커녕 둘러보는 관람객도 많지 않았지만, 로코가 언급한 두 가지의 주제 의식은 그대로 담아낸 브라질관이었습니다.



올해 베니스 비엔날레 브라질관의 전시 '지구(Terra)' [사진=베니스비엔날레2023]  브라질관의 전시는 브라질의 수도인 브라질리아의 땅은 사실 브라질의 토착민과 퀼롬볼라족(quilombola)이 살던 곳이며, 퀼롬볼라족은 플랜테이션(단일 작물을 재배하는 거대 농업 체제로, '흑인 노예'를 식민 지배에 이용)을 피해 도망칠 수밖에 없었던 흑인 노예들의 후예라는 점을 지적합니다. 관람객들이 전통 의식인 칸돔볼레(Candomblé)를 체험할 수 있게끔 했는데요. 무엇보다 인상 깊은 것은 토지 문제를 언급한 만큼 전시장의 전체 면적을 흙으로 채워넣으면서, 브라질 자체가 지구로 형상화 되게끔 했다는 점입니다.한국관 '2086: 우리는 어떻게?'…기발하지만 수상 가능성은 낮아  황금사자상이 아닌 다른 상들도 올해는 '디아스포라'와 연관 있는 참가자들이 모두 거머쥐게 되었습니다. 평생공로상을 받은 디마사(Demas Nwoko)가 시상식에서 ""운명과 같이 여겨진다""며 ""1961년 프랑스에서 저는 극장 디자인을 공부했고, 저의 고국인 나이지리아에 가서 선구자가 되어서 제가 본 걸 짓겠다는 생각을 했다""며 감사함을 전했고요.   특별 언급된 국가관인 영국관의 한 예술가 역시 영국관 '달 앞에서 춤추기(dancing before the moon)' 전시와 관련해 시상식에서 ""우리는 달을 식민지화하려 하지만, 식민지화와 춤은 반대""라며 ""우리는 춤을 추며 자유로워지고, 지구의 공기 속에서 함께 공명하고 싶었다""며 '탈식민지화' 메시지를 역시 명확히 했습니다.  반면, 한국관의 '2086: 우리는 어떻게?'는 참신하지만, 레슬리 로코의 본전시 주제와는 동떨어진 전시였습니다. 한국관은 전 세계 인구가 정점을 맞이할 2086년의 미래 모습을 예측하기 위해 직접 게임에 참여하도록 하는 참여형(interactive) 전시를 꾸렸는데요.



올해 베니스 비엔날레 한국 국가관을 찾은 관람객의 모습 [사진=MBN]  관람객은 노랑색, 초록색, 파랑색 부저 중에 하나를 선택하며 난도 높은 14개의 질문에 대답해야 합니다. 그중에 하나는 이와 같습니다.   ""어떤 것이 더 바람직하다고 생각하십니까? &lt;노랑&gt; 대재앙 앞에 국가는 무의미하다. 국경을 없애고 다 같이 생존한다. &lt;초록&gt; 모든 난민은 어디에서든 거주할 권리가 있다. &lt;파랑&gt; 국경을 강화하여 기후 난민으로부터 우리를 지켜야 한다.""  이같은 질문을 던져 관람객들의 누적된 선택에 따라 2086년의 GDP, 지니계수 및 기후 변화 전망치를 전시 기획자들은 전망해 봅니다. 전시 기간 3일의 누적 값을 1년으로 계산해, 전시가 끝나는 11월 26일이면 2086년의 값을 예측하기로 한 겁니다.  이뿐 아니라, 군산, 동인천, 경기도의 장소 특정적 프로젝트를 통해 제각기 기후 위기와 함께 인구가 감소하는 한국의 상황을 보여주고, 이러한 때 재개발은 필요할 것인지, 경기 침체가 계속되면 이주민을 얼마나 적극적으로 받아들일지 의문을 던지는 전시를 준비했습니다.  장소 특정적 프로젝트가 군산, 인천, 경기도로 한정된 이유는 올해 한국관의 전시가 첫 공동 예술감독 체제로 꾸려졌기 때문입니다. 박경 공동감독과 정소익 공공감독의 인연이 시작된 안양예술공공프로젝트의 사전 리서치 경험을 그대로 살리려다보니 의미 있지만 다소 산발적인 주제의 전시가 이뤄지게 된 것입니다.  여러 중대한 질문을 던지는 한국관의 전시를 본 방문객들은 호평을 남겼습니다. 다만, 국가관의 주제를 자율적으로 정한다지만, 그 해의 전체 주제에 맞는 전시를 구성하는 것이 수상에는 직‧간접적인 도움이 된다는 점에서 전시 구성에는 아쉬움이 남습니다.   한 예로, 만일 이주민 문제를 다룬 경기도 프로젝트는 본전시와 연관이 있으니 유지하더라도, 그외 프로젝트 및 전시는 과감하게 빼고 한국에 사는 아프리카인들과 그들의 2세의 삶에 주목하는 최원준 등 여타 작가와 협업했더라면 수상 결과가 달라질 수도 있었을 것입니다.역대 수상작도 '본전시와의 연계'가 중요  그렇다면 베니스 비엔날레 역대 수상작은 어땠을까요? 최근 2개년도를 분석해 보아도 역시 '본전시' 주제와의 연계가 중요했습니다.   베니스 비엔날레 전시는 크게 본전시(국제전)와 국가관 전시, 별관 전시(Venice Pavilion), 병행전시 (Collateral Events) 및 기타 전시로 이뤄집니다. 이중 그해의 총감독이 크게 관여하고 주제도 정하는 것이 바로 이 '본전시'인데요. 국가관 전시 주제는 자율적으로 정할 수 있다지만, 그 주제가 총감독이 주목한 주제와 다르다면 수상 가능성이 낮아지는 것은 당연한 이치일 것입니다.



2022년 황금사자상 수상작 영국관 '그녀의 방식대로 느끼기(Feeling Her Way)' [사진=2022 영국 국가관]  지난해 베니스 비엔날레 미술전을 살펴볼까요. 본전시 주제는 '꿈의 우유(the Milk of Dreams)'로, 당시 '꿈의 우유'로 주제를 정한 총감독 세실리아 알레마니는 ""이 직책을 맡은 최초의 이탈리아 여성으로서 나에게 주어진 책임과 기회를 이해하며, 이를 통해 예술가들의 비전과 우리 사회를 반영하는 특별한 전시를 만들 것이다""라고 말했습니다.   남성이라고 배제하진 않겠지만, 여성 아티스트의 눈부신 약진을 주목하겠다는 비전을 확실히 선언한 것입니다. 그리고 실제 최고의 영광을 얻게 된 수상작은 영국관의 '그녀의 방식대로 느끼기(Feeling Her Way)'이었습니다. 영국의 음악사에 대한 5명의 흑인 여성 뮤지션의 영향을 매핑했고, 그 목소리를 전시장에서 직접 들려주며 침묵되었던 이야기를 들려주는 방식을 택한 전시가 황금사자상을 탄 것입니다.  재작년도 마찬가지입니다. 건축전 본전시 주제는 '어떻게 함께 살아갈 것인가(HOW WILL WE LIVE TOGETHER?)'였으며, 당시 하심 사르키스 감독은 정치가 못 푸는 문제를 건축가들이 푸는 공간을 만들어보자고 제안했습니다. 수상작은 아랍에미리트관의 '습지(Wetland)'로 결정되었습니다. 아랍에미리트관은 탄소배출원인 건축 재료 시멘트의 대안으로, 아랍에미리트의 소금지대 사브카스(Sabkhas)의 생태계를 제시했습니다. 특유의 결정화 작용을 발견하고, 재생 가능한 건축 재료를 직접 제시한 아이디어가 심사위원단의 눈길을 사로잡은 겁니다.북유럽관도 '토착민'에 주목…캐나다관 ""집은 판매용이 아니다""  올해 수상을 하지 못했지만, 본전시와 다소 맞닿은 전시를 한 국가관으로는 북유럽관과 캐나다관 이 있습니다.



올해 베니스 비엔날레 북유럽관 전시장의 모습 [사진=MBN]  노르웨이, 스웨덴, 핀란드의 공동 국가관인 북유럽관은 지금은 북유럽에 10만 명가량 남아있는 토착민의 삶을 되돌아보는 전시를 기획했습니다. 북유럽관의 큐레이터는 MBN에 ""토착민인 서밋족(Sámi)은 4000년 동안 지속가능하게 살았다""고 강조했습니다. 토착민은 사슴의 개체수를 알고 있었기 때문에 7년 이상 산 사슴 고기만 먹었고, 나이 든 서밋족은 지금도 해당 모피만을 입고 지내는데, 자연에 해로울 것이 없도록 행동했다는 것입니다. 그러면서 그들이 산 북유럽 곳곳의 거주지인 서밋(Sápmi) 지역을 연결해보는 이벤트를 진행했습니다.



올해 베니스 비엔날레 북유럽관 전시장의 모습 [사진=MBN]  캐나다관은 집은 거주의 공간이지, 사고 팔기만을 위한 공간이 아니라고 강조하는 전시를 열었습니다. 전시 '판매용 아님(Not for Sale!)'에서 캐나다관의 작가들은 주거지의 금융화는 지양하며, 현재 캐나다뿐 아니라 전 세계에서 합리적인 가격에 거주할 만한 집을 찾을 수 없는 '거주 위기'가 발생한 근본 원인에는 자본가들의 강탈, 그리고 '식민지화 세력'의 강탈에 있다고 주장했습니다. 



올해 베니스 비엔날레 캐나다관 전시장의 모습 [사진=MBN]   이어 캐나다관은 토착민들의 삶을 떠올리게 하는 노래를 부르고 관람객들과 함께 춤을 추는 이벤트를 보여줬습니다. 토착민들의 땅이 도용당해 집이 상품이 되었고, 깊은 문화적 유대관계를 갖는 커뮤니티 대신 부동산 전망만이 남게 됐다고 비판하며, 대안을 고민하는 전시를 기획한 겁니다. 전시 큐레이터는 '주거소외문제에반대하는건축가(Architects Against Housing Alienation (AAHA))' 소속이었습니다.덴마크 '인어의 슬픔' 언급…지난해 전시 '재활용'한 독일  그외 다수의 국가관들은 기후 위기 문제를 심도 있게 다루는 데 집중했습니다.



올해 베니스 비엔날레 덴마크관 전시장의 모습 [사진=MBN]  덴마크관은 3D 극장을 만들어 기후 위기로 변해갈 덴마크 해안가의 모습을 표현했습니다. 덴마크가 동화 속 '인어의 나라'로 유명한 만큼 인어의 시선에서 준비했다고 설명한 큐레이터는 해일과 홍수 등을 연기로 표현한 몰입형 전시관으로 안내해줬습니다. 과학적인 리서치를 기반으로 코펜하겐에서 습지로 변할 지역을 분홍색으로 표시한 지도가 전시됐으며. 상황별로 어떤 때는 후퇴하고, 어떤 때는 물 위에 집을 지은 베니스와 같은 주거지를 지어 살거나, 토지를 더 쌓아 섬을 만들어야 할지 등 구체적인 시나리오도 제시하는 모습이었습니다.



올해 베니스 비엔날레 독일관 전시장의 모습 [사진=MBN]  독일은 아예 지난해의 전시품을 그대로 가져왔습니다. 지난해에 전시한 목록들이 어느 곳에 보관되었다가 다시 비엔날레의 전시장으로 오게 되었는지 품목별로 일일이 인덱스를 달았습니다. 전시물로 사용된 가죽을 활용해 자신의 가방을 직접 제작해 가져갈 수 있도록 하는 자리도 마련해 두어, 여성 관람객 일부가 둘러 앉아 끈과 망치 등을 이용해 DIY(do it yourself) 제작을 하는 모습도 눈에 띄었습니다.  스페인은 '음식 탈출(Food Scapes)' 전시를 열었습니다. 가축을 기르거나, 와인을 만들고, 해산물과 농산물을 만드는 데 얼마나 환경이 오염되는지 방대한 양의 리서치를 한 자료를 내보이는 전시를 기획한 것인데요. 스페인관 큐레이터인 에두아르도 까스띠요는 MBN에 ""스페인은 세계 음식의 엔진""이라며 ""그만큼 기후 위기에도 노출돼 있다""고 강조했습니다.  일본은 '향' 전시…러시아관은 '폐쇄'  한편, 일본관은 본전시나 기후 위기와 모두 연관 없는 독특한 전시를 마련해 눈길을 끌었습니다. 일본관은 ""건축도 살아있는 생명체처럼 보여질 때 사랑받는 곳이 될 수 있다""며 낙옆을 따와 즉석에서 증류해, 관람객에게 향을 선사하는 전시를 준비했습니다.



올해 베니스 비엔날레 러시아관 모습 [사진=MBN]  러시아관은 올해도 폐쇄돼 있었습니다. 앞서 지난해 러시아관의 큐레이터와 예술가들이 자국의 우크라이나 침략을 반대한다며 ""민간인이 미사일의 포화 속에 죽어가는데 전쟁이 설 자리는 없다""는 목소리를 내고, 사임과 불참의 뜻을 베니스 비엔날레 측에 전했죠. 당시 비엔날레 측은 ""숭고한 용기이며 그러한 결정을 지지한다""며 홈페이지를 통해 응원의 메시지를 보냈습니다.
]"
2023-06-20 09:57:01,[문건汶楗 풍수유람] 34. 우봉김씨 역관 김지남 선영,https://n.news.naver.com/mnews/article/654/0000043561?sid=102,"[
			  『조선의 중인들』의 저자인 허경진 교수는 정조(正祖)의 르네상스를 만든 건 사대부가 아니라 ""중인""이었다고 했다. 특히 학문까지 겸비한 역관(譯官)들의 역할이 두드러졌다.  역관은 조선에서는 신분의 차별을 받았지만 중국이나 일본에서는 그들의 뛰어난 실력을 알아보고 오히려 환대를 받기도 했다. 또한 중국과 일본을 왕래하며 교역을 통해 많은 재산도 모았다.   장희빈(張禧嬪)의 당숙인 장현(張炫)은 소현세자가 볼모로 심양에 끌려갈 때 수행하여 6년을 청(淸)에 머물렀고, 이후 역관의 우두머리로 40년간 북경을 오가며 외교를 도맡았던 출중한 실력의 외교관이었다. 《숙종실록》에는 ""국중(國中)의 거부(巨富)""라고 기록되었다. 박지원(朴趾源)의 소설 『허생전』의 허생이 찾아가 돈 만 냥을 빌린 변부자는 실존 인물 변승업(卞承業)을 모델로 한 것이다. 변승업이 임종(臨終)할 때의 재산이 100만 냥이었다고 하니, 박지원도 변부자 집안의 명성을 익히 알고 있었으리라.  이미 필자가 앞서 소개했던 (26화) 이상적(李尙迪)과 오경석(吳慶錫)·오세창(吳世昌) 집안도 세습 역관(譯官) 출신이다.  밀양변씨 변승업의 선영은 망우리 근처에 있었는데 개발로 인하여 사라졌다. 장희빈의 선대 묘소는 고양시 중산동에 있으나 50여 년 전에 은평구에서 이장한 것이라 한다. 풍수적 연관성을 찾기 어려운 곳이다.  숙종 년간에 역관으로 활약을 하고 &lt;동사일록(東槎日錄)&gt;과 &lt;통문관지(通文館志)&gt; 등 귀중한 문화유산을 남긴 우봉김씨 김지남 가문. 그들의 선영이 고양시 오금동에 보존되어 있다. 인물의 항렬을 확인하기 위해서 은평구의 우봉김씨 종친회 사무실도 찾아갔다. 



▲ 우봉 김씨 시조인 김계동(繼仝) 부부 묘소  우봉 김씨 시조인 김계동(繼仝) 부부 묘소. 은평구 진관동 소재. 오래된 조상님은 상고하기 어렵고 김지남 가문에 전해지는 세보에는 계동을 제1대 시조로 삼고 있다. 



▲ 백호방부터 김계동과 그 배위, 제2세 김의정(義精)의 묘소. 백호방부터 김계동과 그 배위, 제2세 김의정(義精)의 묘소. 계동의 묘소가 핵심 명당에 자리하고 배위와 2세 의정은 그 여기(餘氣)에 모셨다. 근년에 이장했으니, 원래의 묘소가 후손에게 미친 풍수적 영향은 판단할 수 없다. 애석한 것은 이장하기 전의 묘도(墓圖)에는 부아기정(赴俄記程)을 쓴 김득련(金得鍊,1852~1930)의 묘소가 있었는데 찾지 못했다.  우봉김씨는 지남의 큰 할아버지 순충(舜忠)이 한역관(漢譯官)이 된 것을 시작으로 약  250년간 93명의 역과 합격자를 배출한 세습 역관 집안이다. 고양시 오금동에는 우봉김씨의 선영이 서로 가까운 거리에 두 곳이 있다. 역사적 의미가 있고 우봉김씨의 중요한 인물이 모셔져 있는 곳만 소개합니다. 



 묘역에 들어서면 가장 먼저 눈에 들어오는 것이 김지남 공적비이다. 



 (5대) 김대충(金大忠, 1574~1640)과 해주이씨(海州李氏)합장묘. 대충은 성격이 침착하고 신중했으며 총명했다. 사리(事理)에 통달하여 사람을 보면 마음 속을 꿰뚫어 보았다. 약관의 나이에 병부에서 무관의 선발을 맡았다. 임진왜란 때는 스물도 안된 나이에 선조를 호종하였다. 인조 2년 이괄(李适)의 난을 당하고, 정묘(丁卯)·병자(丙子)호란 때에는 어가(御駕)를 모셨다.  



 대충 비석의 측면에는 증한성부좌윤(贈漢城府佐尹), 뒷면에는 증판결사김공묘비명(贈判決事金公墓碑銘)이라 적혀있다.  한성부 부윤은 종2품으로 서울시 부시장에 해당하고. 판결사는 장례원(掌隷院)의 정3품 관직으로 노비송사의 판결책임관이다. 비석 뒷면에 사진과 같이 글씨를 새기는 것을 두전(頭篆)이라 하는데, 2품의 관직을 지내야 가능한 일이다. 엄격한 신분제인 조선시대에 중인이 고위직에 증직(贈職)되고 귀한 화강암 비석을 사용한 것은 손자인 김지남의 공로와 재력의 뒷받침 덕분이다. 



  (6대) 김여의(金汝義, 1598~1657)와 함평이씨(咸平李氏)합장묘.  부모 묘소 하단에 자리한다.처음에 유학(儒學)에 뜻을 두었으나 후에 주학(籌學)으로 선회하였다. 이괄의 난이 일어나자 나라의 재보를 보전한 공로가 컸다. 인조가 공주로 파천하였을 때, 호조의 금백(金帛)을 배에 실었는데 반란군에 약탈을 시도하고 여의도 결박을 당해 죽을 운명이었다. 마침 그 때, 임경업이 반군을 물리치자 살아났다. 반란을 평정한 공으로 훈도(訓導)가 되었다가 후에 별제(別提)로 승진하였다.  여의의 원배(元配)는 경주임씨였는데, 병자호란 때에 강화도가 함락되자 순절하였다. 두 분 사이에서 진남을 낳았고, 후에 함평이씨와 재혼하여 지남을 낳았다.  



 비석의 측면에는 증한성부판윤(贈漢城府判尹)이라 적혀있다. 한성부판윤은 정2품으로 서울시장에 해당된다. 이 비석의 뒷면에도 두전을 둘렀다. 여의 묘소는 18회절, 함평이씨는 19회절 명당에 자리한다.  모친은 자식으로 인하여 귀하게 된다(母以子貴)는 말이 있지만, 우봉김씨는 자식으로 인하여 부모와 조부모가 귀하게 된 경우라고 할 수 있다.  



(7대) 김진남(金振南, 1618~1691)과 완산이씨(完山李氏) 합장묘. 김여의의 장남.  진남 후손들도 적지 않은 역관을 배출하고, 그들의 공적 또한 뛰어났다. 다만, 현달이 지남의 후손에 미치지 못한 것은 풍수적 요인도 작동했다. 첫째 원배(元配)인 진남 모친은 병자호란 때 강화에서 순절하여 시신을 찾지 못했고, 계배(繼配)인 지남 모친은 부군(府君)과 쌍분으로 대명당에 모셨다. 둘째 진남의 묘소도 명당(15회절)에 모셨지만 지남에 비하면 풍수역량의 차이가 적지 않다.  



 (7대) 김지남(金指南,1654~1718)과 설성박씨(雪城朴氏) 쌍분묘. 김여의의 차남.   지남은 18세(현종13년)에 역과에 급제하고, 10년 만에 사역원의 정(正)에 올랐다. 숙종 8년(1682) 5월부터 11월까지 7개월간 통신사의 일원으로 일본을 다녀온다. 귀국 후, 사행일기를 정리하여 『동사일록(東槎日錄)』이라는 사행기록을 남겼다. 일본인의 기록에는 김지남은 군자의 풍모(君子之風)가 있다고 적혀있다.  숙종 18년(1692), 지남은 연경(燕京)에 갔을 때 성능이 우수한 화약(火藥)제조법이 담긴 《자초신방(煮硝新方)》을 구해온다. 청(淸)에서는 국법으로 금지하였기에 여러 차례 왕래하면서 죽을 고비도 넘겼다. 그의 연구를 바탕으로 화약을 제조하니 성능이 매우 우수했다. 숙종은 군기시(軍器寺)에 명하여 이런 제조법을 수록한 『신전자초방(新傳煮硝方)』을 간행토록 하였다. 숙종은 그의 공로로 인정하여 높은 벼슬을 제수하여 했으나, 양사(兩司)에서 역관에게 동서반 실직(實職)은 부당하다고 반대하여 외직인 문성첨사(文城僉使)에 그쳤다.  1712년, 청(淸)의 강희제(康熙帝)는 백두산 경계를 확정하기 위하여 목극등(穆克登)을 파견한다. 조선에서는 접반사(接伴使)로 박권(朴權)을 임명하니, 박권은 김지남·김경문 부자를 역관으로 대동할 것을 요청한다. 이 때 지남의 나이는 63세였다. 지남은 목극등(穆戟登)과는 구면인데다 중국 말도 잘하여 조선의 요구 사항을 관철시켰고, 김지남 부자는 청(淸)을 상대로 협상을 통하여 백두산정계비(白頭山定界碑)를 세운다. 게다가 북쪽으로 500리의 영토를 개척하는 성과도 얻어냈다. 이러한 과정을 지남은 『북정록(北征錄)』이란 일기로 남겼다.1714년, 김지남·김경문 부자는 역관으로서 사역원의 내력과 사대교린의 외교에 관한 연혁·역사·행사·제도 등을 체계화한 『통문관지(通文館志)』를 편찬한다. 조정에서는 이 책을 반포하니 관청마다 이에 의존한 바가 적지 않았다. 이후 계속 증보(增補)되었으니, 조선시대 외교사의 기본자료일 뿐만 아니라 조선 후기의 정치·경제·제도·지리·문화의 연구에도 귀중한 자료이다.   지남의 7남 3녀 자녀 중에는 다섯 아들이 역과에 합격하였으니 가정적으로도 영광을 누린 셈이다. 배위인 설성(雪城)박씨 또한 세습 역관 집안 출신이다. 장남 김경문(金慶門)은 숙종 16년(1690)에 역과에 장원급제하고, 부친과 함께 백두산정계비 확정과 통문관지 편찬하는 업적을 남겼다. 그의 묘소가 이곳에 없는 것이 아쉬웠다. 



 묘소의 후경. 좌로부터 설성박씨, 김지남, 김대충, 김희문(지남 당질) 묘소 멀리 보이는 북악의 모습은 한 폭의 동양화를 연상케 한다. 지남 부부 묘소는 조부묘 보다 약간 뒤에, 부모묘 보다는 한 층(層) 뒤에 모셨으니, 장유질서를 따르지 않은 묘제(墓制)이다. 전체 묘역중에서 지남의 묘소가 핵심 정혈로 22회절 배위 설성 박씨가 21회절 명당이다. 현재를 기준하다면, 재부(財富)도 조(兆)단위의 축척이 가능한 풍수역량이다.   



 맥로도.  홍색의 맥로는 김지남 묘소에 핵심 정혈을 맺었고, 길흉 경계선(청색)이 좌우로 벌렸으니 묘역 전체가 면배의 면(面)에 해당하는 명당판 안에 자리한다.  묘소를 둘러보니 판서와 참판 등으로 증직된 분들이 적지 않았다. 그에 상응하는 공적이 있었을 것이다. 또한 조선후기 250여 년간 재부를 유지하였으니, 인삼 전장(田莊,밭)도 전국에서 가장 많이 소유했다고 한다. 그들이 향유했던 귀(貴)와 부(富)는 명문 사대부에 손색이 없었다 할 것이다. 우봉김씨 묘역 뒤로는 통일대로가 개통되었다. 전통풍수에서는 입수맥이 손상되어 혈처가 파괴되었다고 주장할 것이다. 그러나 명당의 기운은 여전하다는 것이 필자의 주장이다.  예컨대, 서울은 북악터널을 비롯한 터널과 도로가 개통되었으나 오히려 발전을 거듭하고 있는 상황이다. 무분별한 난개발도 좋다는 말씀은 아닙니다. 



 (8대) 김현문(1675~1738)과 배위 묘소. 각기 16, 17회절의 명당이다. 김지남의 차남으로 태어난 현문은 숙종 28년(1702)에 역과에 합격하여 사역원에 종사하였다. 숙종 37년 일본통신사 일행의 압물통사로서 도서와 예단을 총괄하였다. 귀국 후에는 『동사록(東槎錄)』을 저술했으니 일본의 현실과 화란(네덜란드)인과의 대화내용도 담고 있다.    영조 9년(1733)에는 대마도주를 문위(問慰)하는 사신으로 임명되어 약 3개월간 대마도를 다녀왔다. 시서화를 겸비한 문인으로 시문에 능하고 서예에도 뛰어나 일가를 이루었다. 부모님 묘비도 현문이 직접 쓴 것이다.   30여 기가 넘는 우봉김씨 묘소들, 한 분 한 분의 인생역정을 살펴보면 조선시대의 많은 이야기들이 쏟아져 나올 듯하다. 그러나 필자의 한계는 여기까지이다. 우봉김씨 집안을 반석 위에 올려놓은 것은 김지남이다. 그러나 이런 대명당 판을 잡은 김여의의 공이 더 크다는 것이 풍객의 관점이다. 그들의 묘제에서도 사대부들의 일반적 관행을 넘어서는 합리적인 선택을 읽을 수 있었다.  조선은 인(仁)을 근본으로 하는 유학을 국시(國是)로 정했으나, 반인륜적인 반상차별, 남녀차별 등의 차별정책을 지속했다. 나라와 백성을 골병들게 만들었다. 신분적 차별에도 불구하고 우봉김문이 보여준 활약과 그들이 남겨준 귀중한 문화유산은 오래 오래 기억해야 할 것이다.
		]"
2023-06-20 04:45:03,"김 여사 가방엔 ‘부산 이즈 레디’, 尹대통령 프랑스 도착 [포착]",https://n.news.naver.com/mnews/article/005/0001617316?sid=100,"[




프랑스·베트남을 방문하는 윤석열 대통령과 김건희 여사가 19일 성남 서울공항에서 출국하며 공군 1호기에 올라 손을 들어 인사하고 있다. 연합뉴스윤석열 대통령과 김건희 여사가 19일(현지시간) 프랑스 파리에 도착했다. 21일까지 2박3일 일정으로 프랑스를 방문한 뒤 베트남으로 향한다.



윤석열 대통령과 함께 프랑스·베트남을 방문하는 김건희 여사가 19일 성남 서울공항에서 출국하고 있다. 김 여사 손가방에 '부산은 준비됐다(BUSAN IS READY)'라고 적힌 키링이 달려있다.  연합뉴스윤 대통령과 김 여사는 이날 성남 서울공항을 통해 프랑스로 출국했다. 출국길에 오른 김 여사의 손가방이 눈길을 끌었다. 손가방에는 부산 2030 세계박람회(엑스포) 유치 지지를 호소하는 키링(열쇠고리)이 달려 있었다. 키링에는 파도 그림과 함께 ‘부산은 준비됐다(Busan Is Ready)’는 문구가 적혔다.‘부산 이즈 레디’는 윤 대통령이 지날 4월 방한한 국제박람회기구(BIE) 실사단 만찬에서 영어로 전했던 말이기도 하다.



윤석열 대통령과 김건희 여사가 2030세계박람회 부산 유치를 위해 프랑스를 방문 중인 가운데 19일(현지시간) 파리의 한 호텔 앞에 부산엑스포 래핑 차량이 보인다. 연합뉴스김 여사도 키링 제작 기획 등에 직접 참여한 것으로 알려졌다. 프랑스 현지에서 주요 외국 인사들에게 키링을 나눠줄 계획도 있는 것으로 전해졌다.윤 대통령은 20일 에마뉘엘 마크롱 대통령과 정상회담을 개최한 뒤 국제박람회기구(BIE) 제172차 총회 경쟁 프레젠테이션(PT)에 직접 나선다. 윤 대통령은 영어로 부산 엑스포 개최의 필요성을 호소할 예정이다.



윤석열 대통령과 부인 김건희 여사가 19일(현지시간) 파리 오를리 공항에 공군 1호기 편으로 도착해 의장대를 사열하고 있다. 오는 21일까지 프랑스를 방문하는 윤 대통령은 에마뉘엘 마크롱 대통령과 정상회담, 국제박람회기구 총회 참석 등의 일정을 소화할 예정이다. 연합뉴스윤 대통령은 21일에는 한국이 주최하는 2030 세계박람회 공식 리셉션에 참석해 각국 대표단과 외교단을 대상으로 유치 활동을 이어간다.주요 경쟁국인 사우디아라비아(리야드)의 무함마드 빈 살만 왕세자도 파리를 찾아 BIE 총회에 참석할 예정으로 알려졌다.윤 대통령은 프랑스 일정을 소화한 뒤 22일 오후 베트남으로 이동할 계획이다.프랑스 방문 기간에는 에마뉘엘 마크롱 대통령과 한·불 정상회담, 동포간담회, 한·불 미래혁신 세대 대담, 디지털 비전 토론, 유럽 기업 투자신고식 등의 일정이 예정돼 있다.
		]"
2023-06-19 07:56:07,"""바닥에서 김이 난다"" 전세계 초비상…텍사스 46도·인도 98명 사망",https://n.news.naver.com/mnews/article/008/0004900790?sid=104,"[




지난 12일 기온이 39도까지 치솟은 미국 텍사스 댈러스에서 사람들이 얼음을 구매하고 있다. /로이터=뉴스1때 이른 폭염으로 전 세계에서 더위로 인한 사망 사례가 보고되고 있다. 기상학자들은 역대 가장 더웠던 2016년보다 올해 더 뜨거운 한 해가 될 수 있다고 경고했다.18일(현지시간) 인디아투데이 등 외신에 따르면 최근 현지에서 하루 최고 40~45도에 이르는 이상고온이 나타났다. 이에 지난 3일 동안 인도 북부 지역에서만 최소 98명이 사망한 것으로 집계됐다.우타르프라데시주에서 54명이 사망하고 비하르주에서는 44명이 목숨을 잃었다. 한 지역 관계자는 3일간 최소 400여명이 발열이나 호흡 곤란 등 증상을 호소하며 병원에 입원했다고 전했다.대부분 환자는 60세 이상으로 기저질환을 앓고 있었다. 극심한 더위로 상태가 악화한 이들은 심장마비, 뇌졸중, 설사 등으로 사망했다.한 도시에서는 오는 24일까지 등교 중단 명령을 내렸다. 여름 방학을 오는 30일까지로 연장한 학교도 있다.북중미 지역에선 바닥에서 김이 피어오를 정도의 고온 현상이 이어지고 있다.로이터 통신에 따르면 미국 텍사스에서 루이지애나, 플로리다까지 위험할 정도로 높은 기온이 이어졌다. 텍사스 휴스턴은 낮 최고기온이 46도를 넘어섰다. 습도를 고려하면 체감 온도는 47도를 훌쩍 넘어선다.이에 열사병 같은 온열 질환을 주의해야 한다고 매체는 전했다.  미국 전역에서 악천후의 빈도와 강도가 증가하자 기후학자들도 우려를 제기했다.유럽연합 기후변화 감시기구인 코페르니쿠스 기후변화서비스는 ""이달 들어 지구 온난화 현상이 두드러지게 나타나고 있다""며 ""전 세계 평균기온이 1979년 6월 최고 기온보다 1도 정도 높은 상태""라고 밝혔다. 
]"
2023.06.19. 오후 8:18,"
			김봄 '화려한 인사'[엑's HD포토]
		",https://n.news.naver.com/mnews/article/311/0001606538?sid=106,"[
 
(엑스포츠뉴스 박지영 기자) 19일 오후 서울 자양동 롯데시네마 건대입구점에서 영화 '인드림' VIP시사회가 열렸다.이날 VIP 시사회에 참석한 배우 김봄이 포토타임을 갖고 있다.
			]"
2023.06.19. 오후 8:17,"
			김봄 '어마어마한 킬 힐'[엑's HD포토]
		",https://n.news.naver.com/mnews/article/311/0001606537?sid=106,"[
 
(엑스포츠뉴스 박지영 기자) 19일 오후 서울 자양동 롯데시네마 건대입구점에서 영화 '인드림' VIP시사회가 열렸다.이날 VIP 시사회에 참석한 배우 김봄이 포토타임을 갖고 있다.
			]"
2023-06-14 20:28:40,"'검사 스폰서' 김씨, 중앙지검 벽에 낙서하고 횡설수설",https://n.news.naver.com/mnews/article/001/0014002803?sid=102,"[




서초경찰서[촬영 최윤선]    (서울=연합뉴스) 이미령 조다운 기자 = 김형준 전 부장검사의 '스폰서'로 알려진 고교 동창 김모(53)씨가 서울중앙지검 청사에 스프레이로 낙서를 한 혐의로 경찰에 연행됐다.    서울 서초경찰서는 14일 김씨를 재물손괴 혐의로 현행범 체포해 조사 중이다.    경찰에 따르면 김씨는 이날 오후 6시께 중앙지검 청사 서측 출입구 앞 벽과 바닥에 검은색 스프레이로 '검찰', '한동훈'으로 추정되는 글씨를 쓴 혐의를 받는다.    그는 기자들 앞에서 ""한동훈이 내 사건을 뭉갠다""는 취지로 주장하며 술에 취한 듯 횡설수설하다가 자수하겠다며 스스로 112에 신고했다.    김씨는 김형준 전 부장검사에게 금품과 향응을 제공한 혐의(뇌물공여)로 기소돼 2018년 벌금 1천만원이 확정됐다. 김 전 부장검사는 징역 1년에 집행유예 2년을 확정받았다.    already@yna.co.kr
]"
2023-06-20 03:05:45,[부음] 김등 별세 외,https://n.news.naver.com/mnews/article/023/0003770685?sid=102,"[
										▲김등 별세, 공기선 남편상, 김종훈 대구상공회의소 기획관리팀장·김종민 경북소방본부 119특수대응단 119항공대원 부친상, 이화정 대구시청 청년생활팀장·박은경 대구상공회의소 조사홍보팀 차장 시부상=18일18시55분 대구의료원, 발인 20일12시30분, (053)560-9551▲이규희 소설가 별세, 천승준 前 동아일보 편집위원 부인상, 천경화 계성고 교사 모친상, 심도현 삼성증권 재직 장모상=18일18시40분 고대안암병원, 발인 21일7시10분, (070)7816-0253
]"
2023-06-19 10:47:11,"김은경 혁신위→ 與 윤상현 ""결국 비대위 갈 것""· 野 최재성 ""김 빠졌다""",https://n.news.naver.com/mnews/article/421/0006873723?sid=100,"[




더불어민주당 혁신을 책임질 혁신위원회 위원장으로 임명된 김은경 전 금융감독원 부원장. (사진=금감원 제공) ⓒ 뉴스1(서울=뉴스1) 박태훈 선임기자 = 김은경 더불어민주당 혁신위 체제가 순항할 것인지에 대해 국민의힘 윤상현 의원과 최재성 전 더불어민주당 의원은 결국 기대치에 못 미칠 것이라는 전망을 내놓았다.4선 중진인 윤 의원은 19일 SBS라디오 '김태현의 정치쇼'에서 ""이재명 대표 사법리스크 때문에 친명 비명 간 접점을 찾을 것이며 그 접점이 비대위가 되지 않을까""라며 결국 혁신위가 제 몫을 못하고 총선을 앞둔 연말쯤 비대위로 전환할 것이라고 주장했다. 그러면서 ""물론 비대위와 혁신위가 같이 갈 수는 있지만 지금 민주당 상황이 이재명 대표가 사퇴 안 하면 분열될 수밖에 없다. 가장 분열을 원하지 않는 사람이 누구냐, 바로 이재명 대표 본인이다""며 이 대표도 자신으로 인해 당이 쪼개졌다는 비난을 피하기 위해서라도 사퇴하고 '비대위'에 당권을 넘겨줄 것으로 판단했다.4선 의원 출신이자 문재인 정부 청와대 정무수석을 지낸 최 전 의원은 KBS라디오 '최경영의 최강시사'와 인터뷰에서 ""2015년 김상곤 혁신위원장이 왔을 때 문재인 대표가 참견 안 하고 전권을 줘 괜찮은 혁신안들을 내놨다""며 ""분당 사건이 일어났지만 지지율은 오히려 회복됐다""고 지적했다.하지만 ""지금은 (이래경) 혁신위원장이 내정됐다가 사의를 표명해서 실패, 김이 한번 빠진 상태다""며 ""그러면 임팩트가 있어야 되는데 현재까지는 혁신위가 친명, 비명 갈등 또는 상반된 평가와 관련해 임팩트 있게 혁신을 잘할 수 있다는 신호를 못 준 것 같다. 한 번 꼬였고 임팩트 있는 신호도 못 주고 있기에 좀 지켜봐야겠다""라는 말로 김상곤 혁신위만큼 성과를 거두기 힘들 것으로 내다봤다.
		]"
2023-06-14 18:43:00,세븐일레븐이 대만에 김을 수출한다?...글로벌 상사로 거듭난 이 회사,https://n.news.naver.com/mnews/article/009/0005144111?sid=103,"[
대만 하와이에는 PB 김·과자 수출하고美·日 인기 와인과 하이볼 단독 소싱도



 해외수출을 앞두고 창고에 잠시 쌓아 놓은 세븐일레븐 PB상품. &lt;사진=세븐일레븐&gt;편의점 세븐일레븐이 대만에 도시락용 김, 하와이에 초코계란과자 등 자사브랜드(PB) 제품을 수출하며 ‘K-푸드’ 전도사로 거듭나고 있다.14일 세븐일레븐에 따르면 회사는 이달에 대만에 도시락용 김 2만5,000개, 하와이에 세븐셀렉트 초코계란과자 1만5000개를 수출했다. 2015년 말레이시아에 과자와 김을 보낸 것을 시작으로 수출을 꾸준히 진행 중인데 현재까지 60회에 걸쳐 40여 개 상품, 20만 박스를 해외로 보냈다. 특히 지난해 9월에는 ‘BTS핸드드립커피’를 하와이 세븐일레븐에 수출해 현지 팬들의 호응을 얻기도 했다.이처럼 세븐일레븐은 전 세계에 펼쳐져있는 세븐일레븐 네트워크를 활용해 국내 우수 상품을 수출하고 해외 인기 상품을 국내에 소개하는 등 글로벌 상사 역할을 강화하고 있다.대표적으로 최근 높아진 하이볼 인기를 반영해 오는 15일부터는 하이볼을 애호하는 일본 편의점에서 상당한 판매고를 올리고 있는 ‘스카치위스키하이볼’ 2종도 단독 소싱 판매한다. ‘스카치위스키하이볼’은 일본 세븐일레븐에서 현재 판매하고 있다. 위스키 원액에 다른 첨가물 없이 오직 탄산수만을 섞어 하이볼의 기본적인 맛을 충실하게 구현했다는 평가를 받는다.21일부터는 미국 세븐일레븐에서 인기를 얻고 있는 와인 ‘베어풋’ 2종도 판매한다. 베어풋은 현지에서 10년간 2000회 이상 수상이력이 있는 유명 와인이다. 세븐일레븐은 2021년부터 미국 세븐일레븐에서 판매한 와인 ‘트로이목마’ 3종을 직접 들여왔다. 이 와인은 현재까지 누적 판매량 20만 병을 넘어섰다.세븐일레븐은 여느 국내 편의점보다 해외 상권 정보 습득이 빠른 것을 회사의 핵심 강점으로 내세웠다. 회사 관계자는 “전 세계 세븐일레븐 패밀리십으로 각국 편의점 소비 트렌드나 인기 상품에 대한 정보 교류와 교섭이 활발하다”며 “이를 통해 파트너사의 우수상품 수출 채널을 확대하고 해외 인기 상품 직소싱도 수월한 것이 세븐일레븐만의 차별성”이라고 밝혔다.
]"
2023-06-16 13:37:02,‘김 싼 밥 한 공기’ 옆에서 홀로 숨진 2살 남아… 집에는 ‘빈 소주병 30개’,https://n.news.naver.com/mnews/article/022/0003823757?sid=102,"[
2차 공판서 2세 아동 사망 당시 모습과 자택 사진 공개돼 



   지난 1월 2세 아들을 사흘간 집에 홀로 방치하고 외출해 숨지게 한 혐의를 받는 20대 여성(가운데)이 지난 2월4일 구속 전 피의자 심문(영장실질심사)을 받기 위해 인천 미추홀구 인천지법 영장실질심사장으로 들어서고 있다. 연합뉴스       혼자서는 결코 끼니를 챙겨먹을 수 없는 생후 20개월(2세) 아들을 사흘간 집에 방치해 사망에 이르게 한 혐의를 받는 20대 여성에 대한 2차 공판이 16일 열렸다.     공판 과정에선 아이가 숨진 여성의 자택에서 ‘빈 소주병 30개’가 발견됐다는 사실이 새롭게 공개됐다.     이날 인천지법 형사15부(류호중 부장판사) 심리로 진행된 2차 공판에서 검찰은 A씨(24·여)의 아들 B군(2)이 숨졌을 당시 모습과 자택 사진을 공개했다.     A씨는 지난 1월30일 오후부터 지난 2월2일 새벽까지 사흘간 인천시 미추홀구 빌라에서 아들인 B군을 방에 혼자 두고 외박해 살해한 혐의(아동학대 범죄의 처벌 등에 관한 특례법상 아동학대살해 등)로 구속 기소됐다.     발견 당시 B군은 상의만 입은 채 천장을 본 상태로 숨져 있었고, 얼굴과 목 주변에는 구토한 것으로 추정되는 흔적이 있었다. 또한 사망한 지 시간이 꽤 흘러 얼굴과 몸 부위 변색이 시작된 상태였다.     B군은 사망 당시 키 75㎝, 몸무게 7㎏로 또래 평균보다 발육도 매우 좋지 않았던 것으로 전해졌다.     검찰은 “당시 주거지 상황을 보면 거실에 30병가량의 빈 소주병이 있었고 밥솥에는 누렇게 변한 밥이 있어 위생적으로 좋지 않아 보인다”면서 “냉장고 상태도 참혹했고 싱크대에는 전혀 정리되지 않은 설거짓거리가 가득했다”고 말했다.     이어 “소아과 전문의 소견으로도 또래 평균보다 발육이 좋지 않은 B군은 62시간 넘게 극한 상황에서 버틸 체력이 없었다”면서 “아이를 장기간 방치했을 때 죽을 수도 있다고 생각했다는 피고인 진술로 미뤄봤을 때 미필적 고의는 인정되는 것으로 보인다”고 주장했다.  B군은 탈수와 영양결핍으로 숨진 것으로 드러났다. 혼자서는 음식을 제대로 챙겨 먹을 수 없는 생후 20개월이었던 B군 시신 옆에는 김을 싼 밥 한 공기만 덩그러니 놓여 있었다.     검찰에 따르면 A씨는 최근 1년간 60차례나 아들을 혼자 집에 두고 상습적으로 집을 비운 것으로 조사됐다. B군이 홀로 방치된 시간만 총 544시간가량 된다.     B군은 1년간 제대로 분유나 이유식을 먹지 못해 또래보다 성장이 느렸으며, 출생 후 필수 예방접종이나 영유아건강검진은 단 한 번도 받지 못한 것으로 파악됐다.     지난 4월 열린 첫 재판에서 A씨 측 변호인은 상습아동학대나 유기·방임 등의 혐의를 부인하며 “남편이 집을 나간 이후 혼자 ‘독박 육아’를 하면서 아들이 잠들었을 때만 피시방에 갔다 왔기 때문에 방임으로 처벌할 수 없다”라고 주장했다.      변호인은 “(피고인은) 무료인 영유아 검진과 필수예방접종을 받아야 한다는 사실을 알지 못했다”면서 “(이는) 국민의 의무가 아닌 복지혜택이기 때문에 이를 아들에게 받지 않게 했다고 피고인을 아동학대로 처벌할 수는 없다”고 했다.     또한 그는 “(정부의) 아동·양육수당도 피고인의 남편이 다 받아 갔는데 피고인에게 보내주지 않은 달이 대부분이었다”라고 덧붙였다.
]"
2023-06-19 18:12:04,[부고] 김등 씨 별세 外,https://n.news.naver.com/mnews/article/015/0004857855?sid=102,"[
			▶김등씨 별세, 김종훈 대구상공회의소 기획관리팀장·김종민 경북소방본부 119특수대응단 119항공대 부친상, 이화정 대구시 청년생활팀장·박은경 대구상공회의소 조사홍보팀 차장 시부상=18일 대구의료원 발인 20일 낮 12시30분 053-560-9551▶라기옥씨 별세, 이춘희 前 세종시장 모친상=18일 전북대병원 발인 21일 오전 9시 063-250-1439▶안병덕씨 별세, 안경훈 LG CNS 책임 부친상, 임용순 폴리뉴스 부사장 겸 편집국장 장인상=19일 용인세브란스병원 발인 21일 오전 7시30분 031-678-7600▶오영숙씨 별세, 박상민 현대조경개발홀딩스 부사장·박윤수 피플라이프 PB지점장 모친상, 양경진 디지털데일리 대표 장모상=19일 서울성모병원 발인 21일 오전 6시 02-2258-5940
]"
2023-06-14 12:07:08,"김 여사, 서울국제도서전 찾아…UAE와 도서·문화 협력 논의",https://n.news.naver.com/mnews/article/003/0011912710?sid=100,"[
독립출판물 전시 코너서 관계자들 격려



[서울=뉴시스] 전신 기자 = 윤석열 대통령 부인 김건희 여사가 14일 서울 강남구 코엑스에서 열린 서울국제도서전 개막식에서 축사하고 있다. (대통령실통신사진기자단) 2023.06.14. photo1006@newsis.com[서울=뉴시스] 양소리 기자 = 윤석열 대통령의 부인인 김건희 여사는 14일 오전 서울 코엑스에서 열린 '2023년 서울국제도서전' 개막식 행사에 참석했다. 김 여사는 개막행사에 앞서 올해 서울국제도서전 주빈국으로 참가한 아랍에미리트(UAE)의 샤르자 주빈국관을 방문했다.이곳에서 김 여사는 샤르자 도서청의 셰이카 보두르 빈트 술탄 알 카시미 회장과 도서·문화 부문에서의 교류 협력 방안을 논의했다. 김 여사는 지난 1월 UAE 순방 당시 알 카아비 문화·청소년부 장관, 라티파 두바이 문화예술청장과 만나 국제도서전 등을 통한 양국 출판문화산업의 협력 확대에 공감한 바 있다. 이어 김 여사는 서울국제도서전의 주제전시를 담은 작가 15명의 한정판 기획도서 ‘비인간 NONHUMAN 非人間‘ 등이 전시된 SIBF관을 둘러봤다.  또 독립출판물과 아트북이 전시된 '책마을'을 찾아 중소출판업계 관계자들을 격려했다．
]"
2023-06-13 11:49:01,"한·미, 북 도발에 '경고'…성김 ""위성 발사시 군 당국 대응도""",https://n.news.naver.com/mnews/article/437/0000346857?sid=100,"[
[앵커]앞서 한차례 위성 발사에 실패했던 북한이 또 시도를 할 것으로 예상이 되고 있는 상황에서 한미 양국이 대가를 치를 것이라며 경고의 목소리를 냈습니다. 핵 개발을 위한 자금줄도 확실하게 막겠다고 했습니다.정제윤 기자입니다.[기자]한미 북핵수석대표가 미국 워싱턴DC에서 만나 북한의 추가 위성 발사 가능성과 대응에 대해 논의했습니다.양국은 ""북한이 도발로는 아무것도 얻을 것이 없다는 것을 깨닫게 만들어야 한다""고 강조했습니다.[성김/미국 대북특별대표 : 북한의 도발적 행동에는 대가가 따른다는 점을 분명히 하는 게 중요합니다. 동시에 우리는 평양과 대화를 추구한다는 점을 분명히 해왔습니다.]또 북한의 핵과 미사일 개발 자금줄을 보다 확실하게 차단하기 위해 노력하기로 했습니다.김건 외교부 한반도평화교섭본부장은 ""북한의 국경 봉쇄로 이행되지 못하고 있던 부분이 있었다면, 지금이 바로 이행 강화의 기회""라고 말했습니다.성김 대표는 북한이 위성을 발사하면 제재를 포함한 군 당국의 대응이 이뤄질 것이라고 말했습니다.군 당국의 대응이 무엇인지는 구체적으로 언급하지 않았지만, ""북한이 긴장 고조 행위에 대해 대가를 치르게 하는 것이 중요하다""고 강조했습니다.(영상디자인 : 신하림)
		]"
2023.06.18. 오후 10:44,"
			기안84 “태어난 김에 후회없이 살아야”, 인도 화장터서 밝힌 소회 (‘태계일주2’)[종합]
		",https://n.news.naver.com/mnews/article/109/0004872918?sid=106,"[
 
[OSEN=박하영 기자] ‘태어난 김에 세계일주2’ 기안84가 인도 화장터를 방문했다.18일 방송된 MBC 예능 '태어난 김에 세계일주2'(이하 '태계일주2')에서는 인도 여행을 떠난 기안84의 모습이 그려졌다. 기안84는 “나훈아 선생님이 잘난 사람이던 못난 사람이던 똑같이 태워서 갠지스강으로 보낸다. 그걸 보면서 펑펑 우셨다더라”라며 갠지스강 화장터를 가고 싶어했던 바. 이날 기안84는 바라나시 최대 화장터 마니까르니까를 찾았다.기안84는 “제가 예전에 다큐멘터리를 봤는데 병들거나 나이 드신 분들이 이 근처에서 돌아가시길 기다리며 여기 많이 묵는다고 하더라”라고 이야기 했다. 이어 길을 걷던 기안84는 화장을 위해 잔뜩 쌓여있는 장작을 보곤 놀라움을 감추지 못했다. 그러면서 스튜디오에서 기안84는 “여기(화면)엔 안 나오는데 사람 얼굴, 몸 타는 게 보이는데 기분이 되게 이상하더라”라고 전했다. 
그렇게 기안84는 갠지스강 주변에 수많은 시신이 태워지는 모습을 지켜봤다. “결국 부자였던 사람이든 가난했던 사람이든 갈 때는 다 똑같다”라며 기분이 묘해진 기안84는 한 줌의 재로 돌아가는 유해들 앞에서 생각에 잠겼다. 그러면서 옆에 있던 화장터 직원에게 “(시신이 태워지려면) 얼마나 걸리냐”라고 물었다.화장터 직원은 “3시간”이라면서 “3시간을 화장해도 시긴이 온전히 태워지는 건 아니다. 남성은 가슴 뼈, 여성은 골반 뼈가 나는다”라고 답했다. 이어 “시신이 옹면 가족들이 갠지스강에서 시신을 닦는다. 마지막 정화를 위해서. 그 다음에 가족들이 장작을 사면 화장대에 그 장작으로 침대를 만들고 시신을 그 위에 눕히고 직접 가족들이 불을 붙인다”라고 설명했다. 심지어 24시간 화장하며 하루에 200~300구의 시신이 태워진다고 덧붙였다. 
그러자 기안84는 “계속 쉬지 않고 돌아간단 얘기네. 그렇게 오래 살아도 3시간이면 재가 되네”라며 허탈해 했다. 이어 “여행가면 신기하다 재밌다 멋지다 이런 건데 이걸 내가 가벼운 마음으로 보러 와도 되나 싶을 정도로 마음이 무겁다”라고 전했다.또 기안84는 “좀 허무하다. 3시간 만에 다 타서 없어진다는 게. 별거 없네요. 인생. 참 뭐 없다. 이렇게 보니가 뭔가 좀 내려놓게 된다”라고 중얼거렸다.특히 스튜디오에서 기안84는 “제일 제가 크게 느꼈던 건 하루라도 더 살아있을 때 더 쓰든, 더 벌든 죽는 날이 아깝지 않게끔 살면 미련이 안 남지 않을까. 태어난 김에 후회없이 살아야 하는데 모든 사람들은 죽을 때 후회를 하지 않나. 그게 어렵다고 생각한다”라고 소회를 밝혔다./mint1023/@osen.co.kr[사진] ‘태어난 김에 세계일주2’ 방송화면 캡처
]"
2023-06-14 04:51:01,김 여사 다녀간 행사에 천공이…“군수와 티타임” 논란,https://n.news.naver.com/mnews/article/005/0001615868?sid=100,"[




윤석열 대통령 부인 김건희 여사가 9일 오후 충남 서천군 한산모시관 이음무대에서 열린 제33회 한산모시문화제 개막식에 참석해 있다. 대통령실통신사진기자단대통령 관저 이전 개입 의혹을 받는 역술인 천공이 윤석열 대통령 부인 김건희 여사 방문 지역행사를 다음 날 찾아 군수 등을 만난 것으로 알려져 논란이 일고 있다.13일 서천군 등에 따르면 천공은 충남 서천군에서 개최된 제33회 한산모시문화제 개막식 다음 날인 지난 10일 행사장을 찾았다. 전날 열린 개막식에는 김 여사가 참석했다.천공은 김기웅 서천군수와 김성관 부군수, 서천경찰서 관계자 등과 행사장 인근 카페에서 대화를 나눈 것으로 알려졌다. 이들이 함께 이동하는 모습이 행사 참석자들에 의해 사진 등으로 찍히기도 했다.이를 두고 일각에서는 대통령 관저 이전 개입 의혹 등 논란이 있는 인물을 공적 인사인 군수가 공식 행사 자리에서 만난 것이 부적절하다는 지적이 제기됐다.



역술인 천공. 뉴시스논란과 관련해 김 군수는 “천공이란 사람이 어떤 사람인지도 몰랐다”며 “지역 주민이 ‘천공이란 분이 왔는데 차 한잔 해도 될까요’라고 해서 (천공을 만나) 차를 한잔 한 것이다. 그 전에는 현장을 지휘하고 있었다. 논란이 되는 것 자체가 이해가 되지 않는다”고 오마이뉴스에 해명했다.군 관계자는 “행사장에서 (주변이 시끄러워) 대화가 불가능해 이동하는 과정에서 천공을 의전한 게 아니냐는 비난이 나오고 있으나 이는 카페로 이동하는 길이었다”며 “지역 주민이 일반인을 소개하는 걸로 알고 이를 대접한 것일 뿐”이라고 뉴시스에 설명했다.이어 “천공이 서천을 자주 찾아 한산모시를 매년 구입하고 있다고 했다”면서 “행사장에서 만난 통상적인 만남으로 이렇게까지 구설에 오를 줄 몰랐다”고 덧붙였다.



윤석열 대통령 부인 김건희 여사가 9일 오후 충남 서천군 한산모시관 이음무대에서 열린 제33회 한산모시문화제 개막식에서 축사하고 있다. 대통령실통신사진기자단한편 김 여사는 개막식 축사에서 “우리 자랑 한산모시는 이미 인류무형문화유산으로서 위상을 갖고 있다”며 “한 필의 모시가 탄생하기까지 수십 번 고된 과정을 거치고, 특히 세모시는 그 결이 지극히 부드럽고 섬세해 잠자리 속 날개 같다는 찬사를 받아왔다”고 말했다.이어 “앞으로 우리는 한산모시의 그 위대한 전통을 계승하고 세계시장에서 경쟁력을 높일 수 있도록 한산모시 우수성을 널리 알려야 한다”며 “단순함 속에 숨어있는 깊이에 세계인들이 감동할 수 있게 저도 많이 노력할 것”이라고 했다.
		]"
