comment,author,date,num_likes
"자연의 생태계에서 생명을 살리려는 이들의 행동, 여러분은 어떠신가요?",[파인딩스타] 참을 수 없는 1%의 울림,2020-09-14T03:52:06Z,15077
​@Monstera Deliciosa 그렇게 치면 당신집에 살민마가 들어도 그건 천적을 만난 동물이랑 비슷한거니 112 신고해서<br>누군가의 개입을 바라면 안되네?,goguma malLaeng-lee,2023-06-12T11:13:37Z,0
정리해주지.<br>도움은 다연한거고 인간은 자신의 컵셉을 포기한것일뿐,한국사람들이 좋아하는노래(내가좋아하는...ㅈㅅ),2023-06-12T09:39:51Z,0
인간이 개입해서는 안된다면 인간으로인해 동물들에게 피해주는것도 안되는건데 그냥 인간이 사라지는게 어때?<br><br>막 자연의 생태계를 깨고 먹이사슬을 무너뜨릴만큼 개입하자는게 아니잖아.<br>또 누구의 먹잇감이 되는걸 뺏는게 아니고 그냥 자연사할뻔한 생명을 구한건데 그렇게 아니꼽냐...,시로,2023-06-10T12:32:38Z,0
공감합니다 인간의오만함으로 멸종된동물들에 대한 최소한의 예의,상록수,2023-06-04T05:10:46Z,0
"불문율은 다큐를 만들때의 불문율인거고, 인간은 동물을 돌볼 의무가 있습니다.",Young Choi,2023-03-02T01:21:01Z,0
생명을 구하는 것보다 더 중요한 일은 없지,Yh J,2023-06-22T05:17:43Z,0
말로만 환경보호 동물보호라 자칭하는 단체 혹은 그 사람들로 비교 대상이 어렵고 좋은 사람이라 생각합니다,Howl,2023-06-22T05:08:17Z,0
인간이 대자연을 다 망쳐놓고는 개입하지말라는것도 좀 웃김,고요한폭풍,2023-06-22T05:00:14Z,0
자연의 섭이니깐 그냥 두라는 말이 너무 웃긴다.... 저 펭귄들이 감독을 만난 것도 어쩌면 자연의 섭리고 자기가 보는 앞에서 죽어사는 생명을 살리는 것 또한 자연의 섭리 아닐까??,WillingSacrifice,2023-06-22T03:59:22Z,0
다큐멘터리는 사실의 기록이기도 하지만 학습 자료이기도 하다<br>모든 사실 관계의 기록이 다 다큐멘터리가 되는 게 아니다<br>학습 자료로서 보존 가치가 없는 사실 관계는 다큐멘터리로서의 가치 역시 없다<br>빙벽 골짜기를 벗어나기 위해 오랜시간 발버둥치다가 결국 떼죽음당하는 펭귄들의 모습을 그저 멀찌감치서 지켜보며 촬영했다면<br>그 기록은 학습 자료로서 어떤 가치가 있을까<br>그 영상을 보는 시청자들이 과연 그 다큐멘터리에서 뭘 보고 배울 수 있을까<br><br><br>다큐의 불문율을 지키기 위해 생명이 떼죽음당할 것을 알면서도 방관하는 것은 옳은가,710,2023-06-22T03:07:04Z,0
지능이 조금더 높은 인간이 팽귄을<br>구한게 잘못된건 아닌거 같습니다.<br>같은 지구에 살아가며 위험에 처한 <br>생명들 돕는게 자연의이치를 어긴건 아니라고<br>봅니다.<br>그렇게 따지면 바닷속에서 죽을뻔한 인간들<br>구해준 돌고래들도 처벌하던가요 ㅋ<br>카메라 감독님 진짜 잘하신겁니다.,임인,2023-06-22T02:52:38Z,0
눈물나,니니,2023-06-22T02:29:50Z,0
오래전 누군가 우리를 도왔을 것입니다. 이재 우리가 그 누군가인 것입니다.,나르는잔나비행운,2023-06-22T02:18:51Z,0
역시 BBC 자연 다큐멘터리안들!,Michaela Kwon,2023-06-22T01:14:50Z,0
짝짝짝  박수 을  보내닙다<br>감사합니다 수고하셨습니다,이나경,2023-06-21T22:22:43Z,0
만번 잘했다 맥클레이,이산,2023-06-21T17:40:48Z,1
저래 추운곳에 뚱뚱한 새들이 살아있다니,김해샹크스,2023-06-21T15:38:23Z,0
해를 끼치지 않는 선에서 관리하고 다스리는 것은 인간의 의무입니다.,아마빌레,2023-06-21T14:41:47Z,0
인간의 이기적인 룰따위,kkiudong ya,2023-06-21T12:00:57Z,0
"그거 구한다고 즉, 결국 어차피 전부도 아니고 작은 미미한 부분만 살리는건데 무슨 자연을 거스르냐? 자연법칙은 어차피 사람이 보지 못해 못 구하는 사례가 훨씬많아서 그게 자연법칙에 해가 안된다. 숫사자가 아기여우잡아먹으려는데 암사자가 말리면 그것도 자연거스르는건가? 그냥 그 팽귄이 사주가 운이 좋아서 사는거다. 사주도 자연의 힘이다.",동쪽임금,2023-06-21T11:59:58Z,0
"저건 뭐라고 못함<br><br>하지만 다른 동물이 잡아먹는 걸 막는게 바보..........<br><br>오래전에 아프리카에서 누우 갓 태어난 걸 하이에나들이 잡아먹던 걸 보던 서구 여자들이 울면서 가이드에게 차량으로 하이에나를 내쫓아 도와달라고 애원했죠<br>가이드는 냉정하게 <br><br>&quot;그럼, 당신들이 팔을 잘라서 하이에나에게 줄 수 있습니까?&quot;<br><br>당연히 그렇다고 할 사람이 얼마나 될까...여자들은 곤란해했고 가이드는 <br><br>&quot;그럴 각오가 아니라면 쉽게 끼어들면 안됩니다<br>하이에나도 먹어야지 살아요. 저들은 재미로 누우를 죽이는 게 아닙니다. 저들도 잡아먹어야지 살 수 있고 어미도 먹어야지 젖이 나와서<br>자기 새끼들을 돌 볼 수 있습니다. 우리가 멋대로 끼어들어 하이에나는 악당이고 누우만 착하다고 할 수 있을까요?&quot;<br><br>여자들은 아무 말도 못했던 일화가 있죠...",김성훈,2023-06-21T11:34:42Z,0
"인간의 법률은 인간사이에서 지키면 되는거고, 저 펭귄은 인간이 아니기 때문에 극소수의 인간들이 마음대로 정한 법률을 지켜야 할 이유는 없음. 내가 정한 규칙, 내가 선출한 정치가가 만든 법이 아니면 지킬 필요는 없음.",royal Frigern,2023-06-21T09:31:35Z,0
제작진과 감독의 행동에 저도 찬사를 보내지만<br>제목 결국 어떻게 됐다는 거에요?<br>낚시 제목이에요?,에프킬라,2023-06-21T09:13:53Z,0
인간과 뱅긴의 차이점이 무언가요?!!!<br>인간도 자연의 일부요.,이승석,2023-06-21T09:09:31Z,0
"그 상황에서는 펭귄을 돕지 않은 것이 자연 생태계를 거스른 일이 됩니다. 그 자리에 인간이 있었고,  인간도 자연 생태계의 하나이기 때문입니다...... 감동의 눈물을 흘렸고, 아마 다른분들도 같은 마음일 것입니다.. 그러면 그것이 맞는 것입니다...... 그렇다고 인간이 다른 생태계에 무턱대고 개입하는 것을 지지 않습니다",참세상,2023-06-21T05:43:03Z,0
인간이 자연환겨을 파괴시키고 그들이 삶의 터전에 피해를 줬으니 당연히 도와줘야 한다고 본다,날아라라이언,2023-06-21T05:22:15Z,0
생태계 개입금지가 국제법이나 뭐 그런거야?  포식자의 사냥같은거는 개입하면 안되겠지만. 혼자 얼어죽는것도 개입하면 안됨?,이두희,2023-06-21T04:22:18Z,0
"저 수많은 펭귄이 다 죽으면 자연도 없어지는 거야,..",아뚱,2023-06-21T03:42:54Z,0
.<br>.<br>인간 행동도 생태계의 일부임.<br>.,Fabian Fab,2023-06-21T02:09:50Z,1
인간도 자연의 일부고 인간이 펭귄을 돕는 것 또한 자연의 섭리 아닐까,돗개DODOG,2023-06-20T23:51:10Z,0
이 또한 인연이다,에체스,2023-06-20T22:09:16Z,0
죽이는건 잘만 죽이면서 살리면 안된다?,KDSD,2023-06-20T15:19:17Z,0
하느님이 베푸신 사랑을 동물에게 베풀어주신 감독님 존경합니다.,Explorer Isk,2023-06-20T11:51:14Z,0
지구의 일부분인 인간이 동정을 베푸는 것 조차도 자연의 일부이다.,빠니보틀 Panl Bottle,2023-06-20T09:56:56Z,0
"남극 펭귄을 구하기 위해, 자연의 생태계를 거스른 다큐멘터리 감독, 결국.. &quot;처형&quot;",제민,2023-06-20T09:41:09Z,1
아니 잘한 건 맞지만 너무 거창하게 표현된 게 아닌가 싶은데 ㅋㅋㅋㅋ,로즈모델,2023-06-20T09:08:54Z,0
감사합니다,김용현,2023-06-20T05:53:42Z,0
인간이란 존재가 이미 생태계 개입 아닌가?,러비러비,2023-06-20T04:48:54Z,0
맥클레이 용기있는 당신의선택에 아낌없는 박수를 보냅니다  수고하셨습니다,나비,2023-06-20T04:25:04Z,0
인간의 판단으로  생태계 도와주는거 자체를  욕하고 싶지는 않지만  그게 잘한건지 못한건지는 모르는 일이다.  그럼에도 마치 정의구현을 한것처럼   웅장한 노래깔고 선의를 칭찬해달라는 감성 영상찍고 공유하는건  결국 인간들의 욕구해소로 밖에 안보임.  (ex. 캣맘),Manju,2023-06-20T02:09:28Z,0
원칙이 중요한게 아니라 원칙을 만든 이유가 더 중요하죠<br>그 이유를 잊어버리고 원칙만 맹신하면 그게 바로 구태가 됨,Jh H,2023-06-19T03:28:19Z,1
너무 감동이네 정말 ㅠㅠ,존템플턴,2023-06-18T11:16:05Z,0
그럼 저희도 생태계 개입을 안하기위해 사람이죽어가도 안도와주겠습니다^^,진현 김,2023-06-18T01:58:54Z,0
개입금지라는건 다큐멘터리로서 실격이라는거지. 구하는거 자체는 그렇게 하든 말든 뭔 상관?<br>구하고 싶으면 구하고 그 부분을 편집해서 잘라내던가 하면 끝.,Oi mk,2023-06-17T22:36:32Z,0
우린 신에게 구해달라고한다 그러나 신은 그건 법칙이 어긋난다면서 인간사에 개입안하는것이 신의법칙이라고말한다 그러나 그와중에서 인간을 구해준 신이있고 그 신은 언제나 그 법칙에 따라 처벌받는다.. 그러나 그건 우리가 생각하는생각일뿐 신의존재를 정당화하기위한 생각일뿐..인간의 자연의 개입은 있어야한다 그것이 우리가 지금까지 자연을 훼손한것을 보상할수있는길이기때문이다!!,빅보스맨,2023-06-17T14:12:07Z,0
인간도자연일부다 생태계를 해친게아니라 인간이란 동물이 말못하는 동물을 도운것도 자연현상 <br>눈앞에서 내새끼 우리엄마아빠가 죽어가는데 그를돕는건 생태계개입이어도 괜찮다,ws “daehan” Lee,2023-06-17T03:04:04Z,0
&quot;의를 보고도 행하지 않음은 용기가 없는 것이다&quot; 라는 말이 떠오르네요.,Rasism,2023-06-16T18:45:37Z,0
👍,안경미,2023-06-16T15:26:54Z,0
결국 뭐? 낙시질 금지 해라.,자유럽게,2023-06-15T06:17:26Z,0
개입을 하니 어쩌니 맞니 틀렸니 개웃기네 아주ㅈㄹ들났다ㅋㅋㅋ 인간도 자연 생태계의 일부다 뭔 개입이냐.. 인간이 여타 다른 동물과는 다른 사유라는 걸 하는 동물이다 보니 스스로가 헛생각을 하는 경향이 있는데 의미없는 짓이다 인간이 생태계에 개입한다고? 뭔 개입이야 우리도 생태계의 일부야 ㅂㅅ들아.. 우리 사는 거나 신경써라,뭐하지,2023-06-15T00:06:20Z,2
저런 죄없는 펭귄들 산채로 무참히 잡아먹는 물범은 굶어죽어야 하나? 물범도 살아야 하는데? 그러니까 니들이 하는 생각은 논리가 앞뒤가 안 맞다는 거다.. 제발 ㅂㅅ같은 생각 좀 집어치우고 우리 생존이나 신경써라..,뭐하지,2023-06-15T00:10:49Z,1
종교 글 올리는 인간들아 <br>니들은 <br>없는 싸구려 예수 팔지 말고 제발 상식에 기인한 행동을 해라,즐거운인생,2023-06-14T12:44:13Z,0
우리는 이태원 참사 때 아무것도 하질 않았다 <br>못한게 아니라 하지를 않았다 <br>대한민국 국민은 저 펭귄 보다 못한 존재 이니라 <br>저런 다큐 보면서 당신들은 또 눈을 감는건가 ? <br>펭귄보다 못한 존재들,즐거운인생,2023-06-14T12:38:36Z,1
2찍찍들은 제발  꺼져주세요 ~<br>니들이 자국민 159명이 압사로 죽는데 정치 논리로 희석하고 저 펭귄한테는 안타까움이 생기냐 ?,즐거운인생,2023-06-14T12:40:12Z,0
기본이 안된작자들이네 <br>쓰레기네.,문오억,2023-06-14T07:44:51Z,0
이건 뭐지 ?,즐거운인생,2023-06-14T12:41:12Z,0
자연이 선을 넘으면 인간이 행동해야 한다.,SantaCruz,2023-06-14T00:53:36Z,1
어쨋튼 해봐야지여 <br>그것도 인간이기에 가능한거잖아요,즐거운인생,2023-06-14T12:45:18Z,0
크,계정,2023-06-14T05:51:13Z,1
이런개입은 얼마든지 해도된다 . <br>밀렵이나 금지된 포획만은 제발 하지마라 그런게 생태계를 망치는 주범이다 ㅠㅠㅜ,지인,2023-06-13T22:08:51Z,0
북극을 녹이는것도 이상기온을 만드는것도 인간의 개입입니다..이들의 생명의 구하는것은 옳은 일이고 해야할 일이지..자연의 섭리를 무너트리는것이 아닙니다..,류혜빈,2023-06-13T21:23:51Z,0
정말 야생의 세계는 혹독하고 냉혹해. 동물을 사랑하는 사람으로서 보고만 있을 수 없었겠어...,rOSIe,2023-06-13T14:50:27Z,1
인간도 자연의 일부분임.. 그것이 창조건 오염이건 피해건간에..,Hanseok Yoo,2023-06-13T09:37:36Z,0
구하는 것 또한 자연의 일부,송비,2023-06-13T07:49:51Z,0
멋지심요..,투투TV,2023-06-13T03:07:36Z,0
인간의 선의도 자연의 섭리,acorn,2023-06-12T21:19:55Z,0
자막처럼...정말이지 100번 잘하셨습니다😊,마짜나요,2023-06-12T19:55:40Z,0
백번이고 천번이고 옳은 결정 하신겁니다<br>한 생명앞에 룰이 어디있습니까 고생하셨습니다,HS,2023-06-12T14:36:20Z,0
결국엔 인간도 생태계의 일부이니까.....,Peter Kim,2023-06-12T11:11:40Z,0
하......과연 옳은 판단인것인가. 옳지 못한 판단인것인가.,최광하,2023-06-12T10:34:37Z,0
정말 위대한 결정 이었습니다. 존경합니다.,하늘이,2023-06-12T10:14:05Z,8
해를 끼치는건 당연히 안돼지만 개입못하는 불문율은 진짜 꼴값을떤다,ys,2023-06-12T09:14:22Z,0
이미 인간은 동물에게 개입했다<br>살릴수있음 살려야지 죽이고 있는 동물이 얼마인데,Luke,2023-06-12T07:06:16Z,0
결국 다큐멘터리를 찍는 의미도 다 생명을 존중하는거 아닌가?<br>열번이고 백번이고 생명을 구하는것이 먼저다! 참 잘했다!!!,Kwangsoo Woo,2023-06-12T05:15:19Z,0
"먹이사슬을 파괴하는 행동은 좋지 않다고 생각하지만, 환경에 의해 죽어가는걸 살리는건 괜찮다고 생각함",스이긴토,2023-06-12T02:15:12Z,0
인간이 생태계를 다 파괴해 놓고 생태존중을 외치는 한심함. 당연히 서로 도우며 공존하는것이지.,易智,2023-06-12T01:04:55Z,0
사람이든 동물이든🤔<br>소중한 생명을 구하는건❤❤❤<br>위대한 행동입니다🎇✨🎆🇰🇷🇰🇷🇰🇷,김정하 & 슈퍼맨,2023-06-11T09:39:02Z,2
감사합니다.❤❤❤,대박이FLY,2023-06-11T08:14:52Z,1
인간이라고 뭐 특별한가 꿀벌도 나비도 동물들도 인간이 살려면 동물들 개개인의 능력을 도움 받는데 인간도 자연을 같이 쓰는 입장으로 동물도 자기 능력대로 도움을 주면 인간도 인간 능력대로 도움을 주면 쌤쌤 아닌가 인간이 뭐 특별하다고 같이 쓰는 자연인데 서로 능력대로 도우는거지,효찐,2023-06-11T04:03:57Z,0
내가 생각할수도 없는 그냥 사물이면 도움을 주고 싶어도 도울수 없는데 생각할수있는 인간여서<br>원칙을 깰수밖에 없다,조필두,2023-06-11T03:45:21Z,0
굿,청풍,2023-06-10T15:46:27Z,0
bbc 제작진이 mbc 카메라를 쓰네.,이창수,2023-06-10T10:34:23Z,0
난 솔직히 먹이사슬 건드는거 아니면 도움의 손길을 건네도 괜찮다고 본다.,뭐요,2023-06-09T11:36:42Z,1
먹이그물을 건드리지 않는 건대 아무 문제 없다.,Excellent Counter Measure HL,2023-06-09T09:34:52Z,0
다른 동물에 사냥으로부터 보호해준답시고 개입하는건 안되지만 저런건 구해주는게 맞는거지,jeong wook son,2023-06-07T08:22:32Z,0
펭귄도 얼어죽는 상황이면 인간은 더 힘들었겠다.. 고생많으셨습니다,홍슬기,2023-06-07T05:24:55Z,0
인간이 너무 관여하여 생태계가 파괴되고 많은 동물들이 살곳을 잃었다,윤이랑,2023-06-06T20:26:54Z,0
인간도 자연의 생태계에서 사는게 맞음.<br>  인간도 아프면 병원에 가서 남에게(의사)  도움을받듯.   도움이 필요한 모든 생물은<br>   도움을 받을 자격과 권리가 있음.,확~ 마~,2023-06-05T10:44:14Z,0
지들한테만 관대한 인간,hage,2023-06-05T01:54:25Z,0
멋진 결정 이었음   자연의 섭리 와  생태계 에관여하는건 신의영역이지만 인간의 오만함으로인해 멸종된 동물들 을보며 이건 그들에대한 최소한의 예의라고봄  결국 우리는 지구라는공간에서 같이 살아가는 생명체 이기때문임,상록수,2023-06-04T05:09:56Z,0
인간의 오만함이란..... 우리도 대자연에 일부일뿐. 고래가 잠수부를 상어에게서 구해주기도하는데 우리는 도우면 안된다? 그럼 멸종 동물은 왜 보호하는지. 죽던지 말던지 대자연이 하는데로 내버려둬야지. 그 불문율이란건 꼭 지켜야 되는 것이 아니지 않나? 상황에 따라서 달라질 수도 있는 것이라고 본다. 그러므로 다큐 제작진들은 옳은 선택을 했다고 지지해주고 싶다.,나나야,2023-06-03T09:39:13Z,0
근데 사람들은 자연파괴해서 자연에 개입해놓고 저정도 개입한건 뭐 어떤가 싶기도 하네요,jamin ben,2023-06-03T01:51:38Z,0
잠깐 신이 되어주는것도 나쁘지 않지 ㅎ,james han,2023-06-02T00:04:15Z,0
멋있네요,Kim Hyo min,2023-05-30T06:02:58Z,0
대자연이라고 하기엔 인간이 자연을 너무 망쳐놔서.. 이정도로는 부족하다고 생각이 들 정도였어요. 뜨거운 박수를 보냅니다.,So Young Yoon,2023-05-30T03:35:45Z,0
그냥 놨두는것도 자연의 섭리지만 <br>역지사지를 잘 아는 사람이 동물 살리는<br>것도 자연의 섭리다,아난,2023-05-29T23:36:14Z,0
너무도 존경하고 감사합니다 모든 생명은 소중한것 너무도 잘하셨습니다 진심으로 존경합니다~♡♡♡,최호경,2023-05-27T20:45:43Z,0
황제펭귄은 멸종취약종이죠. 그런 동물들은 도와줘도 된다고 생각해요.,최러버덕,2023-05-27T17:14:42Z,0
그냥 인간을 생태계 외로 보는 것 차제가 존나 오만하다고 생각함,유유마,2023-05-27T06:58:54Z,0
이런 상황에서 인간이 개입하지 않는다라는건 그만큼 오만한게 아닐까 싶네요.. 정작 급할때는 눈에 보이지도 않는 신을 찾고 싹싹 빌면서.. 그저 생명을 지키고 싶다라는 그 마음으로 행하면 좋겠습니다,양파,2023-05-26T20:49:13Z,0
지금까지 쳐죽인 동물들이 몇인데 뭘 ㅈ나 같잖은 법칙 세워놓고 대단한 신념인거 마냥,kim moonzo,2023-05-20T05:17:19Z,0
100번 잘했다.맥클레이!!,으르렁,2023-05-15T09:26:27Z,0
이해할수 없는 인간의 위선해동 3가지                         1.생태계거스른다는 이유로 간섭안한다며 동물원만듬 <br>2.비건들의 식물학대<br>3.극단적 자연보호 단체의 1회용품 사용,인싸템컬렉터,2023-05-13T00:54:02Z,0
예전의 MBC 남극의 눈물 김만태 카메라 감독이 생각나네요,RPLC,2023-05-11T23:19:44Z,0
인간도 그 생태계중 하나인거고 산업시대의 환경오염 또한 생태계가 굴러가는 자연스러운 구조이다,이재혁,2023-05-02T14:26:18Z,0
아니 그러면 범고래 먹이줄라고 펭귄 던져줘도 용인할거임? ㅋㅋㅋ 댓글상태 ㄹㅇ 어지럽네,성이름,2023-04-26T09:38:27Z,0
머 어차피 우리모두 잠시 잠깐 왔다가는데 저정도는 고민하는 자체가 문제,초이행배,2023-04-25T07:45:42Z,0
인간이 무슨 신이냐? <br>개입이라는 헛소리를 하게?<br><br><br>인간도 자연의 구성원이다.<br>왜냐? 자연속에서 태어났기 때문이다.<br><br>구해주는건 자연의 섭리에 위반되는게 아니다.,허창희,2023-04-25T04:53:29Z,2
@abc123 ㅇㅇ 그러니 식물이 물을 마시고 그식물을 초식동물이 먹고 그 초식동물을 육식동물이 먹는거지,Yo푸딩,2023-06-19T04:49:36Z,0
@abc123 그러니 서로 죽이는 거잖아?,허창희,2023-05-08T05:02:45Z,1
그럼 죽이는것도 자연의 섭리에 위반되는게 아니네,abc123,2023-05-08T04:59:55Z,0
내가 저 펭귄이었다면....누군가의 도움이 얼마나 절실했을까...상상만으로도 정말 끔직했을것이다...더 말이 필요한가...,해운대회사원,2023-04-24T23:50:35Z,0
진짜 냉장고 여러브랜드 찾아봤는데 비스포크 배껴논거 개많더라 ㅋㅋㅋ 근데 퀄리티는 떨어지고,gi gi gimojji,2023-03-03T23:33:49Z,0
플스5 구매 성공하셨네요 축하해요,:Poin7less,2023-01-08T14:00:51Z,0
리모컨 삐뚤게 붙어서 저같은 편집증 환자는 사용불가;,JeonBC,2022-12-06T12:37:57Z,0
ㅋㅋㅋ 진짜 공감 ㅋ 폰😘업 😀에서 나두 최저가로 바꿈.. 최신폰 바꾸러 요즘 누가 매장가여ㅠ 더워죽겠는데,emre kbk,2022-08-23T01:33:22Z,0
"저두 폰💋  업  🤦 여기 알고나서 아이폰 완전 싸게바꿨어요.. 플래2스토어에 올라와있던뎅,,",ASD Qw,2022-08-23T01:33:10Z,0
그냥 사람들이 폰✔업 많이 쓰구나 싶었는데 막상 휴대폰 바꾸려고 가격비교 받았더니 폰✔업에서 바꾸는이유가 있구나....,Danish zehaen army,2022-07-04T02:02:25Z,0
어후 이분 영상 처음보는데<br>공기청정기 리뷰 좀 보고 싶은데<br>왜이리 혼자 신나서 시끄러운 건지…<br>꼬으면 보지 않으려했는데<br>왜 추천으로 떠서…<br>관심없음 박고갑니다,이상 한,2022-05-08T17:22:06Z,0
업그레이드도  가능,김지연,2022-04-29T11:27:17Z,0
"건강의 근본은 공기입니다. 맑은 공기환경을 만드세요. <br>집안 벽체 구멍과 미세틈에서 방출되는 시멘트라돈가스와 화학재질이나 소재에서 방출되는 화학가스를 차단 하십시오.  사람들 난치병은  혈액이 오염되고 병들고 독성화되면서 단백질세포신경이 손상되면서  발생됩니다. <br><br>벽체 콘센트구멍,tv,전화기단자 미세틈 ,인터폰배선구멍 전등스위치 버튼 미세틈, 두꺼비집커버틈, 벽체스피커,에어컨 배관구멍, 들뜬벽지,노출된 시멘트벽,금이간 벽체틈,  화분흙과 마사토 등등..   천장전기배선 구멍에서 라돈이 가장 많이 방출됩니다. <br><br>생각보다 집안 벽체에 구멍이 많고 시멘트 라돈가스가 실내로 많이 방출됩니다. <br><br>실리콘이나.. 비닐,순간접착제 등으로  막아서 방출을 줄이시면 집안공기가  훨 좋아지고 숨쉬는게 편해지고 숙면을 취하실수 있습니다.",air,2022-04-15T03:41:24Z,1
"<a href=""https://www.youtube.com/watch?v=sWC-pp6CXpA&amp;t=0m55s"">0:55</a> 개 혜잔데?",이준섭,2022-03-09T11:39:40Z,0
아재개그 리뷰인가요?? ㅋㅋ,HITACHI,2022-02-27T07:40:05Z,1
시덥지 않은 농담은 안하는 걸로 했으면 하는 강력한 진심이 있어요.,성훈 김,2022-02-26T18:50:11Z,0
삼성 사지 말고 LG로 사 세요,ㅡㅡ,2022-02-26T07:14:30Z,0
저기에 블루투스 스피커 내장되어있으면 가성비!!!,닥터킬러,2022-02-18T11:31:02Z,0
척척렌탈에서 LG제품 최대 혜택으로 안내드리고 있습니다.,20Gwang,2022-02-16T02:15:35Z,0
저걸 진짜 배송지연으로 줬다고 믿는사람들이 많다는게 충격이다. 유튜버라서 배송지연 명분으로 준거지... 그냥 상식적으로 생각하면 바로 알텐데...,1분영상,2022-02-14T10:57:17Z,0
제대로 안 알아보고 설명하고 어설픈거 좀 불편하네요.. 쓸데없는 말이 너무 많던데 아시죠?,e찬,2022-02-12T11:27:28Z,0
에어컨 물 떨어지는데....,ㅡㅡ,2022-02-09T11:22:29Z,0
ㅋㅋㅋ LG인데 롯데타워 같이 생겼네요 진짜ㅜ 비유를 재밌게 참 잘하시니까 뭘 리뷰하시든 재밌네요🤭🎶🎶,레트로메다-뮤직숏,2022-02-06T11:36:15Z,0
절대 구독자 60만이 넘을 리뷰 퀄리티가 아닌데 돈주고 구독자 샀나??,스텍히K,2022-01-30T11:19:31Z,1
사용 설명서를 보지도 않고 필터통을 찾다니..ㅠ<br>다음부터 사용설명서 숙지하고 설명하세요..성격이 급한지 웓.ㅜ,최진호,2022-01-29T15:26:22Z,0
롯데월드타워 실화냐 ㅋㅋㅋ,white ttlove,2022-01-26T14:49:05Z,0
아  짜증나  좀 공부 좀  하고  얘길 하던지,동훈 이,2022-01-25T10:20:11Z,0
너무 준비없이 리뷰하는 듯 한 느낌이 듭니다. 이 제품이 궁금한 사람이 기본적으로 알만한 내용은 숙지된 상태였다면 더 좋은 리뷰가 되었을 듯 하네요.,loflight75,2022-01-25T06:06:05Z,0
졸라 기괴하게 생겼네,KO,2022-01-23T11:57:16Z,0
무슨 설명서도 안읽고 리뷰하는건 좀.. 그렇네요,머시깽이,2022-01-22T04:25:58Z,0
지연이라고 준건 참 ㅋㅋㅋ,하늘무리,2022-01-21T01:56:40Z,0
이게 그 조회수 안나온다는 가전 관련 영상이군요..!,Musit Kim,2022-01-21T01:02:36Z,0
롯데 타워와 맥세이프.ㅋㅋ,☆사수자리☆,2022-01-18T12:08:09Z,0
중국산 공기청정기 플래쉬 스피드 에어 5 공기청정기는 못구하는데 이건 널널하군요.   국산브랜드가 크기도 훨씬 크니 가성비가 좋아보이네요.,Mf D,2022-01-18T11:39:57Z,0
영상 광고중에 카메라 브라켓 관련 광고 링크좀 부탁드립니다 찾기가 힘드네요,바람돌이 현,2022-01-17T13:12:44Z,0
저도 똑같은 생각했는데 ㅋㅋㅋ LG 디자이너가 롯데타워 보고 영감받아서 디자인했냐곸 ㅋㅋㅋ,KOOLOUD,2022-01-16T17:02:21Z,2
1+1행사 뭔데 ㅋㅋ,개죽이,2022-01-16T14:11:18Z,0
Lg퓨리타워 씽큐,Ju woo,2022-01-15T17:56:00Z,0
와 지금도 1+1 하나요..?,동그리그,2022-01-15T09:01:48Z,0
카펫위에 신발...저런공간이겠지만 계속 눈이가네요ㅋㅋ,Delpi,2022-01-15T08:48:16Z,0
LG 퓨리케어 롯데월드타워 시그니엘 오브제 컬렉션,캐부,2022-01-15T08:44:49Z,0
집에 잠실 롯데월드 타워 하나 냅두는데 90만원이면 싼거지 ㄹㅇㅋㅋ,캐부,2022-01-15T08:44:21Z,0
몬가 협찬인줄 알았는데 내돈내산이였네<br>두목님 백색가전 욕심도 있을줄이야 ㅋㅋㅋ,윤바제,2022-01-15T07:57:24Z,0
LG하고 원한이 있으신것도 아니고.. 말 같지도 않은 비유를.. 말이라고 떠드는 인간들이 많네...<br>저게 가격거품이 심하다는 둥.. 남겨 먹는 게 많아서 주는 것도 당연하다는 둥... <br>그렇게 따지면 안 비싼 제품이 어디있어요? 삼성 85인치 티비 UHD가 2백만원대 입니다.. 그 티비 다 뜯어서 부품 원가 따지면 얼마나 할까요? <br>LG에서 오브제컬렉션이면 자기들이 고급브랜드 이미지로 밀고 있는 라인업인데도.. 사은품으로 제공 한 건데.. 뭐 이리 거지근성들이 많은지...<br>예전에 아이폰이 원가로 따지면 얼마 안하는데 비싸게 팔아 먹는다고 했던 인간들이 아직도 안 죽고 살아있다는 게 참 신기하네요,Camino,2022-01-15T07:46:43Z,0
가은데 비어있어서 그런가 독립기념관 탑 생각남,ㅡㅡㅡ,2022-01-15T06:01:47Z,0
ㅋㅋㅋㅋㅋㅋㅋㅋㅋㅋㅋㅋㅋㅋㅋㅋㅋㅋㅋㅋㅋㅋㅋㅋㅋㅋㅋ,하루종일배고파,2022-01-15T04:51:14Z,0
남자 아니랄까 봐 웰케 신이 나있음???.. 저 세상 텐션이네~~ㅋㅋㅋㅋㅋ,광야,2022-01-15T04:23:52Z,0
롯데타워아니죠! 사우론타워? 맞습니다!,Jiho Kim,2022-01-15T01:45:49Z,0
노잼,박찬하,2022-01-15T01:35:09Z,0
lg 시그니엘인가ㅋㅋㅋ,이지훈,2022-01-14T21:48:15Z,0
"롯데타워 에디션이나 WTC타워, 빅벤 에디션 해서 led 웰컴싸인 차르르 들어가고 하면 예쁘겠네요. 간접조명으로 쓸수도 있구요.",나성인LaLaLa,2022-01-14T19:02:23Z,3
저 제품 무게감이 쫌 있나여? 실수로라도 한번 툭 치면 금방 옆으로 넘어길거 같은 얆은 사이즈라 무게라도 좀 나가야 금방 안쓰러질거 같은데요,신정호,2022-01-14T17:41:09Z,1
두목님 하반신은 귀하군요,빅치킨마요,2022-01-14T16:23:01Z,1
어디서 사셨나요? 저도 비매품 하나 더 받고싶습니다 ㅎㅎ,리거RiGer,2022-01-14T16:11:47Z,0
ㅋㅋㅋㅋㅋ 와 통크다... ㅋㅋㅋㅋ 아... 이런걸 했을때 말이 퍼져야하는데 전 고풍스러운 디자인이 좋은데 마케팅팀이 볼지~,그대여안녕하신가,2022-01-14T14:55:32Z,0
지금도 사면 2대 주나요?ㅜㅜ 가성비 지리네,이정훈,2022-01-14T11:59:06Z,1
유튜버라서 준거지 줄리가 있을까요?,1분영상,2022-02-14T10:52:22Z,0
두목님 실내에서 운동화 ㅠㅠㅜ,치킨,2022-01-14T03:46:55Z,0
왜 제목 바뀜? 원쁠원 얘기 없어졋네,샤샤๓,2022-01-13T12:10:06Z,0
5.6평형 공기청정기가 100만원;; 삼성 큐브 32평형도 다나와가 70만원이면 사는데 저건 너무 뇌절이네요,불고기피자,2022-01-13T11:19:24Z,1
필터크기 실화냐? 위닉스형님 신참 좀 보십쇼,말많은사람1,2022-01-13T10:16:17Z,0
lg가 사우론의 탑을 만들었네,Hyun Lee,2022-01-13T10:09:13Z,0
?,ㄴㅇㅅ,2022-01-13T09:31:50Z,0
오 다른 거 보다 . 전원 켰을 때 &#39;사랑해요~&#39; 이거 너무 좋네요.,조건형,2022-01-13T08:33:07Z,1
LG 사우론 에디션 ㄷㄷ,업로드맨,2022-01-13T07:54:06Z,1
약 100만 원 짜리를 배송지연으로 1+1 준다니… 역시 가전은 엘지다… 가슴이 웅장해진다,고니TV,2022-01-13T07:47:00Z,85
근데 커버되는 평수는 넘 아쉽다..,베네치아207,2022-01-13T07:25:22Z,2
이야 롯데타워 예쁘다.,베네치아207,2022-01-13T07:24:03Z,0
그래도 원효대사 2년동안 한 사람도 있던데 두목님은 5분만에 아셔서 다행입니다<br>근데 세상 이런 통 큰 회사가 있나,キャンセル,2022-01-13T07:00:14Z,1
"대장님 영상 보고 링크를 통해서 구매했는데, 저도 지연되서 하나 더 받았으면 좋겠습니다. 제발 제발~~~",이재진,2022-01-13T05:26:58Z,1
살려다가 공기청정 능력이 너무 쓰레기라;;;; 딱 봐도 거실에 놔야할 디자인인데.... 저 성능의 공기 청정능력이 실화인가요,insta360 가지고놀기,2022-01-13T04:23:15Z,1
지금은 끝난건가요?ㅋㅋ,만철,2022-01-13T03:53:45Z,0
"구매링크 들어갔더니, 품절이네요.<br>품절 풀리면 1+1 가능한가요?",칼새최영룡,2022-01-13T02:31:04Z,0
기능 보고싶었던건데..케이지님이 올려주셨네요.역쉬~! 근데 공기청정기만 되는데  넘비쌈..,cloud-kr,2022-01-13T01:53:01Z,0
지금 사도 원플러스 원 해주나요?,민희민희 잼민희 맥 민희,2022-01-13T01:51:02Z,0
저 얼굴 로고 빼고 그냥 엘지 오브제 정도만 적었다면 더 이름값 했을텐데..<br>그리고 솔직히 선풍기처럼 팬 하나 달린 건데 100만원은 사기지 ㅋㅋㅋ,HW,2022-01-13T01:46:16Z,0
나도 그생각 했는데 ㅋㅋ,민희민희 잼민희 맥 민희,2022-01-13T01:41:22Z,0
원효대장님 ㅋㅋㅋㅋㅋ,DynamicFOX,2022-01-13T01:25:08Z,0
생각보다 대장님이 마르고 덩치가 작아서 놀랬고<br>수염이 원효대사처럼 길러서 두번 놀랬구<br>설명서는 왜 안읽으세요!!,복남e,2022-01-13T01:20:29Z,0
"저는 방마다 다이슨 hp04를 사용중인데, 이정도 사이즈와 스펙에 50만원대의 저렴한(?) 가격까지...미국수출이 시급합니다. 사족으로 다이슨은 먼지와 이산화황은 잘 잡아주지만 odor는 캐치가 안되더군요.",Woonhak Kang,2022-01-13T01:04:34Z,3
이거 코슷코 백불 세일해서 399 엿을때 사서 한국 보낼려고했는데 놓쳣.. 인디펜던스데이를 노리는즁입니다,Victor kim,2022-06-18T21:41:58Z,0
이거 이미 미국 베스트바이랑 코슷코에 나와있음요. 송풍기능만 있는거 400불대임,Victor kim,2022-06-18T21:40:52Z,0
아니 두목님 진짜 폰 이거쓰냐고요 ㅋㅋㅋㅋㅋㅋ,NUSAMYEO,2022-01-13T00:59:15Z,1
아~~~~~~~~~~~~~오브제 디자인 좋았는데~~~~~~~~~~~~~~~~~ 왜 싸우론타워로 변한거야~~~~~~~~~~,홍홍홍홍홍홍홍홍홍홍홍홍홍홍홍홍,2022-01-12T23:58:36Z,0
와 진짜 개그 치는거 보면 진짜 아재다,유레고,2022-01-12T22:23:54Z,0
서서 리뷰하니깐 더 귀여우심,잘살자,2022-01-12T21:19:53Z,0
"뭔 공기 청정기 광고를,.... 😡",Raina Pack,2022-01-12T20:48:36Z,0
하나 가지래 ㅋㅋㅋㅋㅋㅋ,은오,2022-01-12T20:21:09Z,0
처음 파란색 스티커는 고가제품이라는 뜻의 스티커 입니다 cj대한통운에서 따로 별도로 관리하는 상품이라는 뜻이죠,이여름,2022-01-12T18:57:01Z,1
형 돈 많이 벌었구나...이제 이런거도 사고..! 근데 얼굴 보일뻔 했어 가려줘..소중하잖아 형은,코코,2022-01-12T18:44:40Z,0
절대 형 얼굴 보기 싫어서 그러는 거 아니야 알지 형? 새해 복 많이 받어,코코,2022-01-12T18:45:01Z,0
이게 어그로가 아니라고???,구름,2022-01-12T18:19:37Z,0
필터 비닐 제거 안 한 모습에서 사알짝 부울편...읍읍<br>그나저나 온풍 모델은 온풍기능 쓰고 소비 전력이 얼마인지 궁금하군요.<br>여튼 지연으로 하나 더 준 거는... 킹정!,kss,2022-01-12T18:17:08Z,3
"<a href=""https://www.youtube.com/watch?v=sWC-pp6CXpA&amp;t=8m11s"">8:11</a> LOL 베인이 아니라 다른 베인이 나오는 연륜이 느껴지네요",Jaehong Lee,2022-01-12T17:45:55Z,0
쿠팡 링크로 주문하면 1+1인가요?,하진,2022-01-12T17:31:32Z,0
"엘지 개꿀,.,,,지금도 되려나?",Nnd,2022-01-12T17:25:36Z,0
ㅈㄴ 부럽다…,lecwin1,2022-01-12T17:19:07Z,0
롯데월드타워 ㅋㅋㅋ 나만 그리 생각한게 아니였네,Bino비노,2022-01-12T16:47:50Z,0
다이슨 핫앤쿨이네,오서준,2022-01-12T16:28:15Z,0
결론 : F717은 바보다?,김뷰태시기,2022-01-12T16:25:44Z,0
와 근데 진짜 이쁘긴하네ㅋㅋ,점점,2022-01-12T16:18:35Z,0
식세기 고장원인 모른다고 새걸로 배송해주더군요 ㅋㅋㅋ,고라파덕,2022-01-12T16:05:58Z,0
나도 광고 보자마자 롯데타워 생각했는데 나만 그런게 아니구나 ㅋㅋㅋ,ARTEMIS,2022-01-12T16:04:19Z,0
아니 lg는 왜 이렇게 브랜드 나열 매니아임ㅋㅋㅋㅋ 청소기 광고 말미에 “lg코드제로 A9S 씽큐 오브제컬렉션” 듣고 기겁했는데 얘는 그래도 씽큐는 빠졌네요ㅎㅎ,MYTUBE,2022-01-12T15:50:21Z,20
공청기 필터 비닐안뜯고 쓰는사람 전설의 짤로만 봤는데 그런사람이 또 있었네🤣🤣🤣,GreenHolic,2022-01-12T15:49:50Z,1
삼성이었으면 지연이어도 최대 그 20만원짜리 휴대용 퓨리케어 미니 공기청정기나 하나 띡 던져줄거같네요 ㅋㅋㅋ,사토루,2022-01-12T15:47:27Z,0
기계랑 눈치싸움 ㅋㅋㅋㅋ,강아담,2022-01-12T15:38:27Z,0
1+1 이면 살만한데요.<br>인테리어용으로.,DK L,2022-01-12T15:38:11Z,0
이제 ps5 사서 공기청정기로 속이는 것이 가능해졌다,김태현,2022-01-12T15:37:03Z,1
이것은 삼성과 엘지가 한국인에게 돈띁어낸다는 그 공청입니까??,시에,2022-01-12T15:36:16Z,0
ㅋㅋㅋㅋㅋ 아니 썸네일 너무 자연스러웠어,이름이름,2022-01-12T15:31:41Z,0
그냥 50만원깍아주는것도 나쁘지않을거같은뎈ㅋㅋㅋ,빅그네,2022-01-12T15:28:48Z,0
집안에서 신발신고 계시니 겁나 킹받습니다,정킈,2022-01-12T15:22:54Z,2
??? 지연된다고 하날 던져준다고? 이게... 대기업...?,캐?르,2022-01-12T15:21:34Z,0
대충 두달지나면 60정도에 비매품 당근에 올라올라올거같은데...?,한재훈,2022-01-12T15:19:14Z,0
오늘의 교훈: 메뉴얼을 잘 읽자,끌로에Chloe Ariko,2022-01-12T15:15:53Z,2
롯데타워 꼭대기만 때놓은거 같다 진짜 ㅋㅋㅋㅋㅋ,바빠,2022-01-12T15:04:41Z,0
"<a href=""https://www.youtube.com/watch?v=sWC-pp6CXpA&amp;t=4m06s"">4:06</a> 이거 옆채널 누구같은데...ㅋㅋㅋ",김철진,2022-01-12T15:02:10Z,0
디스플레이가 베인 있는곳 최상단에 고정형 투명패널 하나 만들어서  거기에 나왔으면 좋았을듯,박한영,2022-01-12T15:01:22Z,1
두목님 저는 엘지꺼는 아니고 다이슨 퓨어 사용하는데 상시 모니터링을 켜면 약하긴 해도 청정기가 계속 돌아가서 소음때문에 못켜놓겠더라구요.. 혹시 저 모델은 상시 모니터링 켜고 전원끄면 소음이 없나요?,pur ple,2022-01-12T15:00:58Z,0
와! 제2의 롯데월드,PAUL Motion Graphics,2022-01-12T14:55:00Z,0
지금사도 1+1인가요 ㅋㅋㅋㅋㅋ,이름뭐하지?,2022-01-12T14:52:13Z,0
"ㅇㅗㅏ 역시,,,, 엘지,,,, 근데 전 온풍기는 삿는데 일반형 안줫는데 역시….. 유튜버라고 차별,,,,",호로로,2022-01-12T14:40:05Z,0
오묘한 디자인....,drop_database,2022-01-12T14:28:13Z,0
공기청정되는 100만원 롯데타워 미니어처!!,모아이,2022-01-12T14:27:23Z,1
1+1행사여서 가성비 지리네요 ㅋㅋㅋ,joon kim,2022-01-12T14:20:22Z,12
"<a href=""https://www.youtube.com/watch?v=sWC-pp6CXpA&amp;t=6m55s"">6:55</a> 하아앍!",황금고블린,2022-01-12T14:18:31Z,1
엘지가 서서히 망하는 이유,최인성,2022-01-12T14:14:38Z,1
@dany An 드립..,최인성,2022-01-12T14:57:35Z,1
엘지안망하고있는데.....역대최대매출아닌가요 ㅋㅋ,dany An,2022-01-12T14:47:39Z,0
다 좋은데...5평이요...?<br>저 크기와 가격에 고작 5평...?;,J,2022-01-12T14:12:21Z,0
"<a href=""https://www.youtube.com/watch?v=sWC-pp6CXpA&amp;t=6m56s"">6:56</a> 이건 발암물질 ㅇㅅㅇ",냥집사,2022-01-12T14:10:57Z,0
진짜 롯데타워 꼭대기랑 똑같이 생겻네 ㅋㅋㅋㅋㅋ,J.W.,2022-01-12T14:05:27Z,0
와... 대기업인데 이렇게 통이 크면...,진이현,2022-01-12T14:00:17Z,11
오픈케이스 보면서 훈수두고싶은적은 첨이네 ㅋㅋㅋ,최강일,2022-01-12T13:53:37Z,1
역시 가전은 엘지,H&M,2022-01-12T13:49:53Z,1
형님.. 공감을 원하시면 그 베인 말고 LOL 베인을 가져오셨어야..,누리누리,2022-01-12T13:49:29Z,0
"리모컨 그냥 가랑이 사이에 두면 안되나 ㅡ.,ㅡ...",Meko Park,2022-01-12T13:46:42Z,0
가성비라고...봐야되겠죠?,의사양반,2022-01-12T13:43:09Z,0
역시 가전은 엘지인가.... 근데  저 띵큐 리모콘용으로 사용된  폰은 뭔가유?,솔,2022-01-12T13:43:07Z,0
리모콘이 크롬캐스트4세대랑 비슷하넹,Seoyeon,2022-01-12T13:40:25Z,0
이런 큼지막한 친구들 리뷰 좋네요. <br>마음에 들어요.,flashlight,2022-01-12T13:38:43Z,1
1+1으로 집에 두개 나란히 설치하면 웅장할듯,지나가던철근,2022-01-12T13:36:43Z,0
나중에 냉방도 들어갔으면 구매각이겠네요 ㅋ,냥여우,2022-01-12T13:34:19Z,0
좋은 장난감이 새로 나왔네요 +_+<br>&quot;여보 새로운 장난감이 나왔어 사줘&quot;,J mistein,2022-01-12T13:29:38Z,0
어그로 아닙니까 ㅎㅎ,홍당유,2022-01-12T13:19:10Z,0
진짜 1+1 무엇 ㅋㅋㅋㅋㅋ,02,2022-01-12T13:16:10Z,0
"<a href=""https://www.youtube.com/watch?v=sWC-pp6CXpA&amp;t=8m15s"">8:15</a> 난 여기서 롤베인을 떠올렸...",Sellsoa,2022-01-12T13:15:44Z,0
생산 지연된다고 하위모델 공짜로 주는 회사 LG,REX,2022-01-12T13:13:36Z,0
그저...갓지.....와..99만원짜릴 덤으로 주네..<br>참나 ㅋㅋㅋ,렌고쿠쿄주로,2022-01-12T13:06:22Z,3
노빠꾸 상남자 그 자체인 회사..<br>그래.. 휴대폰 좀 못팔면 어때 뭐..,이라율,2022-01-12T13:05:39Z,0
롯데월드 타워 ㅋㅋㅋ 풉,metro cyber neon city neon city,2022-01-12T13:01:43Z,0
이거 이벤트 끝남?!!??!,청춘,2022-01-12T13:00:09Z,0
와 지연이라고 하나 더 준다니... 이건 구매각 아닙니까,기무타쿵,2022-01-12T12:51:42Z,70
요즘은 롯데월드타워도 1+1인가보네요,이재웅,2022-01-12T12:51:36Z,0
와… 통크다.. 그런데 저렇게 퍼준다는 의미는 원가 자체가 얼마 안 된다는 거…,김태우,2022-01-12T12:46:33Z,1
@1분영상 다 줬다 하지 않았나요? 모든 고객에게,김태우,2022-02-14T09:40:49Z,0
무슨의미인가요.. 그냥 유튜버니까 신제품 나왔으니 광고효과 기대하고 준거죠,1분영상,2022-02-14T09:28:42Z,0
LG 퓨리케어 에어로타워 오브제 롯데타워 컬렉션<br>(LG PuriCare AeroTower Objet LOTTETOWER Collection),C.O.M.,2022-01-12T12:44:43Z,1
와.. 1+1으로 제공해주다니!!,김용성,2022-01-12T12:43:51Z,25
아...키로형 집안에서 신발신고있는거 신경쓰여,보물고블린,2022-01-12T12:41:57Z,0
공기청정기들  너무비싼듯 .  <br> 팬  + 필터 +uv  .....100만원,정관채,2022-01-12T12:40:12Z,0
와 ㅋㅋㅋㅋㅋ,포도맛아이스,2022-01-12T12:34:15Z,0
롯데타워 꼭대기ㅋㅋㅋ,황정우,2022-01-12T12:33:04Z,0
64만 유튜버는 90만원 공기청정기를 무료로 받습니다 ㅋㅋㅋ,최동혁,2022-01-12T12:32:23Z,0
엪취님은 LCK 보시나요?,YORUSHIKA,2022-01-12T12:31:52Z,0
나중에 반납도 아니고 그냥 가지라 줬다구요??,민호,2022-01-12T12:31:39Z,2
"<a href=""https://www.youtube.com/watch?v=sWC-pp6CXpA&amp;t=11m04s"">11:04</a> 두목님 푸흡ㅋㅋㅋㅋㅋㅋㅋㅋㅋㅋㅋㅋㅋㅋㅋㅋㅋㅋㅋㅋㅋㅋㅋㅋㅋㅋㅋㅋㅋㅋㅋ",DankEvie,2022-01-12T12:29:25Z,0
바지 대충 접은거 ㄹㅇ 개열받네,kwon,2022-01-12T12:28:02Z,0
지금 저기 쿠팡링크로 주문해도  1+1 인가요??,호각스각각이,2022-01-12T12:25:32Z,0
베인에서 드립칠것같길래 구르는걸 기대했는데 다크나이트라니....<br>이것도 머리부터 발끝까지 같은 부류인가,Name,2022-01-12T12:25:01Z,0
두목님이라고 하나더 준겁니까?? 아님 모든 구매자에게 다 원쁠원인가요? 후자면 지르러갑니다.....,tomcat,2022-01-12T12:24:35Z,0
이왜진??,윤희웅,2022-01-12T12:24:28Z,0
이거 건물크기 정도로 만들어서 공기청정기 기능하면 대박일 것 같네요ㅋㅋㅋㅋㅋㅋ,시바견,2022-01-12T12:23:04Z,1
필터 가는데 365일 걸립니다 한번갈고 봄철쓰시고 또 갈면 됩니다,pepper crazy,2022-01-12T13:34:05Z,0
롯데랑 콜라보 했나 ㅋㅋ 왜 롯데월드타워랑 똑닮았누 ㅋㅋ<br>Seoul Sky X 전설의 LG   =   에어로타워,J H Yeo,2022-01-12T12:22:48Z,0
"광고 처음 봤을 때, 무슨 롯데월드타워 같이 만들었나 했는데 심지어 이름도 타워였음 ㅋㅋ<br>이건 뭐 대놓고 노린거지",AYKGC,2022-01-12T12:19:47Z,1
썸네일 진짜 건물인줄 알았더..,존형_JohnBro,2022-01-12T12:16:09Z,0
에이수스 접는 노트북 리뷰 기대합니다 아니 판을 접는다고  그러면 키보드가 없고 터치?,Hyunjung Park,2022-01-12T12:15:09Z,0
아니 저거 켜지는 소리가 왜 그 사랑해요 LG의 사랑해요 부분으로 들리지? 기분탓인가?,Kuma Lee,2022-01-12T12:13:25Z,0
뭐지...? 두목님 운동하시나요? 왤케 살빠진거같지,enchou,2022-01-12T12:12:41Z,0
미쳤다... 내 집에 하나 장만하고 싶어지는 비주얼인데 자취방이라 있으면 뺨 맞겠지? ㅠㅠㅠㅠㅠ😭.......,DoRI,2022-01-12T12:11:34Z,2
롯대 싸우론 타워 같다능 ㅎㅎㅎ,Ability 수완 TV,2022-01-12T12:11:29Z,0
형 집에서 신발신고 있는거 같아서 불편해,로헨,2022-01-12T12:10:25Z,0
롯데월드타워 에디션 이군요 ㅋㅋ,Matthew Lee,2022-01-12T12:10:11Z,0
두목님 야근중이시군,하얀부우부,2022-01-12T12:09:20Z,0
이왜진?,Lkaline A,2022-01-12T12:07:28Z,0
LG : 아 우리가 배송지연 대처는 심성보단 잘하ㅈ,_owo_,2022-01-12T12:06:45Z,3
인트로 개드립...자존심 상하지만 웃겼다ㅋㅋ,중국 스파이,2022-01-12T12:05:58Z,0
두목님 댓글 다시는거 보니까 오늘은 야근 하시나 보네요,이동건,2022-01-12T12:04:57Z,1
고급스러워보이긴하네요,JUNGYOO GIM,2022-01-12T12:02:53Z,0
이 가격이면 고급스러워야 하긴 해요 ㅠㅠㅠ,UNDERkg,2022-01-12T12:03:33Z,0
가격보소 개창렬하네,minor dinor,2022-01-12T12:01:57Z,1
두목님 눈이 보일랑말랑,정홍기,2022-01-12T12:01:13Z,0
"<a href=""https://www.youtube.com/watch?v=sWC-pp6CXpA&amp;t=2m56s"">2:56</a> 기계와 대화하는 사람 : F717<br><a href=""https://www.youtube.com/watch?v=sWC-pp6CXpA&amp;t=4m09s"">4:09</a> 이래도 안보는게 맞긴함<br><a href=""https://www.youtube.com/watch?v=sWC-pp6CXpA&amp;t=6m38s"">6:38</a> 청정도 좋음 아래 문구 순간 흑우라고 봄 ㅋㅋ",Stimpack,2022-01-12T12:00:17Z,1
@UNDERkg 국룰아니겠습니까 ㅋㅋ,Stimpack,2022-01-12T12:06:08Z,0
ㅋㅋㅋㅋㅋㅋㅋㅋㅋ 뭘 맞아 ㅋㅋㅋㅋㅋ,UNDERkg,2022-01-12T12:03:45Z,0
중간에 눈달아서 사우론에디션 팔았으면 좋겠다 ㅋㅋㅋㅋㅋㅋ,kim kim,2022-01-12T11:59:12Z,1
사업 아이템인 것 같아요? (솔깃),UNDERkg,2022-01-12T12:02:58Z,1
그정도 기능에 그정도 디자인에 그정도 마감. 그러나 1개에 약 50만원짜리. 이건 쌉가성비 아닙니까 ㅋㅋㅋㅋㅋㅋ,박박,2022-01-12T11:58:21Z,165
"@스펀지송 벽걸이 에어컨도 오브제 라인이 있어요.<br>오브제 벽걸이 에어컨이랑 오브제 공기청정기랑 가격이 비슷해요.<br>그에 비해 에어컨과 공청기에 들어가는 기술차이, 원가차이, 설계비용까지 모두 에어컨이 훨씬 많이 들어가요.<br>설치 비용은 더더욱 차이 나구요.<br><br><br>그래서 저는 대기업 공기청정기 가격이 거품이라고 생각해요.",배고파흠,2022-02-27T05:55:25Z,0
@배고파흠 고급인력이라는 건 디자인과 가격 산출 등 제품화 이전 단계 말한거고요 화나셨나요?; 어쨌든 기존 공청기가 있는데 오브제라는 게 고급컨셉으로 고급스러운 거 사고 싶은 사람들 타겟으로 만든거고 싫으면 안 사면 그만이라는거에요. 가격이 안 살 사람 못 살 사람 고려한거잖아요. 배고파흠님이 어디 공청기 사는지랑 별개로 샤오미 구매하는 사람 수두룩하고 심지어 국내유튜버도 샤오미 리뷰해줘요.<br><br>그리고 생산라인에 넣는 것도 돈 들어요...,스펀지송,2022-02-27T04:50:20Z,0
"@스펀지송 저기요. 저도 삼성 공청기, 발뮤다 공청기 사서 사용중이고.. 중국 샤오미 같은건 안써요. 공청기를 중국발 미세먼지 때문에 사는데 중국산을 살순 없잖아요?<br>그래도 소비자로써 가격책정에 문제 있는건 꼬집고 넘어가는게 맞다고 생각해요. 대기업에서 고급라인으로 만들었기 때문에 고급인력으로 만들었다?<br>웃기는  소리 마세요. 엘지 시그니처나 오브제나 일반 제품이나 다 똑같은 생산라인에서 생산하고 신제품이 나오면 생산라인에 추가 생산하는거 뿐입니다..<br>그래도 그나마 엘지는 양반이죠. 삼성은 요즘 외주화 전략으로 소형가전들 중소기업에 위탁생산을 하고 있으니 말이죠.<br><br>하여간 고급라인이기 때문에 고급인력들만 모와  생산하는 공장, 생산라인 그런거 없습니다...",배고파흠,2022-02-27T02:01:06Z,0
@배고파흠 제 말은 가격 책정에 서비스 인건비를 포함해야한다는거고 가격을 인정할 수 없으면 안사면 된다는거에요. 저렴이 사고 싶어서 중국발 미세먼지에 항의하는 대신 중국산 샤오미를 사거나 키트로 대체하는 사람들이 있고 고급 라인일수록 고급 인력을 쓰기 마련인데 저게 꿀장사라니... 전 브랜드 네임으로 많이 팔아서 남겠거니하지 생산 인력 대비 꿀이라는 생각은 전혀 안들어요.,스펀지송,2022-02-23T06:59:39Z,0
"@스펀지송  100만원 하는 벽걸이 에어컨도 디자인 UI 콜센터 인건비 드는건 똑같죠. 거기에 벽걸이에어컨은 설치는 복잡하고 난이도가 있기 때문에 설치기사님 인건비는 공청기 보다 더 비쌀껍니다. 공청기 설치는 그냥 집에 가져와서 언박싱 해주고 끝이죠? 또 요즘 코로나 시국엔 보통 사람들은 그냥 집앞에 두고 가시라 하고, 고객이 직접 언박싱도 하구요. 근데 벽걸이에어컨 가격에 기본설치까지 포함되있으니... 벽걸이에어컨 2개 파는거 보다 공청기 1개 파는게 훨씬 많이 남는 장사일꺼에요",배고파흠,2022-02-22T16:19:49Z,0
두목님 왜 기계와 대화하는 비법이 뭐에요?!?!,김윤종,2022-01-12T11:57:57Z,0
@UNDERkg 오타에요 ㅋㅋ,김윤종,2022-01-13T04:04:48Z,0
왜 뭐에요가 뭐야 ㅋㅋㅋㅋㅋ,UNDERkg,2022-01-12T11:59:55Z,1
지금은 원플원 안하겠징,하재환,2022-01-12T11:57:46Z,0
그건 모르겠어요 ㅋㅋㅋㅋ,UNDERkg,2022-01-12T11:59:37Z,0
송풍 모드 일때 일반 선풍기보다 더 좋나요?,백금,2022-01-12T11:56:35Z,3
그런 느낌은 아닌 듯..,UNDERkg,2022-01-12T11:59:31Z,2
리뷰가 안올라와서 다이슨 온풍기를 샀는데 ㅠㅠ,초코초코,2022-01-12T11:55:19Z,0
온풍 모델은 아직 몰라요 ㅠ,UNDERkg,2022-01-12T11:56:38Z,0
와... 원플원... lg 통크다,Rabbit house,2022-01-12T11:54:47Z,0
왜 준 건지 아직도 잘 모르겠음 ㅋㅋ,UNDERkg,2022-01-12T12:00:38Z,0
lg : 본제품 1년후 도착<br>       ???,Jelly,2022-01-12T11:54:46Z,0
에이 설마 ㅋㅋㅋㅋㅋㅋㅋ,UNDERkg,2022-01-12T11:56:49Z,0
2세대는 청정면적을 대폭 늘려서 나올거 같은 느낌이 ㅋㅋ 2개는 부럽네요. 대박ㅋㅋㅋ,서원휘,2022-01-12T11:54:12Z,1
그니까 ㅋㅋㅋㅋ 좋은데 이해는 안 됨 ㅋㅋㅋ,UNDERkg,2022-01-12T11:55:50Z,1
두목호칭 점점 퍼져가는걸 보면 뿌듯합니다,keunho Bae,2022-01-12T11:51:51Z,1
깜짝이야 옆으로 퍼진다는줄,UNDERkg,2022-01-12T12:00:06Z,3
정말이지 팬 넣고 회전 모터 넣고 센서 넣고 100만원....이건 좀 아니라고 봐,곡진흥,2022-01-12T11:50:38Z,1
저도 100만원 할 제품인지는 아직 모르겠어요.,UNDERkg,2022-01-12T11:59:00Z,0
형 내가 사두 원플원 되는거양!?!?,바른생각,2022-01-12T11:47:51Z,1
@UNDERkg 형이 답장주는거 너무 행복한걸♡,바른생각,2022-01-12T12:09:07Z,0
지금도 줄지는 모르겠넴...;;,UNDERkg,2022-01-12T12:04:54Z,0
두목님 실내에 신발신고 계시는거 유교드래곤이 꿈틀거려요,Anjou,2022-01-12T11:45:48Z,0
사무실이야...,UNDERkg,2022-01-12T11:51:18Z,1
썸네일도 잠실ㅋㅋㅋ,메그너,2022-01-12T11:44:42Z,0
석촌호수 깨끗해 지라고~,UNDERkg,2022-01-12T11:54:46Z,0
"<a href=""https://www.youtube.com/watch?v=sWC-pp6CXpA&amp;t=6m54s"">6:54</a> 영상에 두목님이 키우시는 고양이가 나왔네요^^",HHH,2022-01-12T11:44:36Z,1
미쳤나 ㅋㅋㅋㅋㅋㅋㅋㅋㅋㅋㅋㅋㅋㅋ,UNDERkg,2022-01-12T11:51:54Z,0
감사히 쓰겠습니다~,김동욱,2022-01-12T11:44:01Z,1
🙅‍♂️🙅‍♂️🙅‍♂️🙅‍♂️🙅‍♂️🙅‍♂️🙅‍♂️🙅‍♂️,UNDERkg,2022-01-12T12:01:00Z,0
와...백만원짜리를 배송지연 미안하다고 주는회사가있네 ㅋㅋㅋ,알래스카연어,2022-01-12T11:43:19Z,4
유튜버니까...,1분영상,2022-02-14T09:26:15Z,0
이유를 모르겠음 ㅋㅋㅋㅋㅋ,UNDERkg,2022-01-12T11:49:51Z,0
두목님 미안하지만 이 영상 조회수가 안 나올거 같지 않아..?,烏,2022-01-12T11:40:45Z,0
@UNDERkg 그래도 난 재밌게 봤어!!,烏,2022-01-12T14:39:00Z,0
잘 나오게 해줘봐 ㅋㅋㅋㅋㅋㅋㅋㅋㅋ,UNDERkg,2022-01-12T11:51:27Z,1
원인: 생산이 지연된다(납득할 수 있음)<br>결과: 하위 모델을 하나 그냥 가져가라(납득하기 다소 힘듦)<br>ㅋㅋㅋㅋㅋㅋㅋㅋㅋㅋ,AETERNA,2022-01-12T11:40:40Z,34
ㅋㅋㅋㅋㅋㅋㅋㅋㅋㅋㅋㅋ,않이그게외않되,2022-01-12T16:40:53Z,0
RED Hydrogen One 같은 건 워낙 심하게 지연됐으니까 이상해도 그런가보다 했는데 이건 ㅋㅋ,UNDERkg,2022-01-12T11:50:09Z,2
1+1 이라니 대박이네요 ㅋㅋㅋ,S Bakk,2022-01-12T11:39:49Z,44
받으면서도 당황 ㅋㅋㅋ,UNDERkg,2022-01-12T11:49:33Z,12
다이슨 퓨어 핫앤쿨이 가성비가 되어버렸어...ㅋㅋㅋㅋㅋㅋㅋㅋㅋ,영영,2022-01-12T11:39:42Z,6
가성비 되는 법: 다른게 더 비싸진다,UNDERkg,2022-01-12T11:50:21Z,2
아니 하나 더 준게 왤케 웃기지 ㅋㅋㅋ,q werty,2022-01-12T11:38:09Z,0
나도 좋은데 웃겨 ㅋㅋㅋㅋㅋ,UNDERkg,2022-01-12T11:53:15Z,0
롯데월드타워 : 1분만에 올라가는 엘리베이터<br>퓨리케어 에어로타워 오브제컬렉션 : 1분만에 흑우되는 엘리베이터,K-Jammin,2022-01-12T11:36:30Z,1
ㅋㅋㅋㅋㅋㅋㅋㅋㅋㅋ 흑우된거야?,UNDERkg,2022-01-12T11:38:06Z,0
UV는 눈에 안보입니다..,김성주,2022-01-12T11:36:27Z,0
그럴수있죠 ㅋㅋㅋㅋㅋ,김성주,2022-01-12T12:02:16Z,0
네.. 그렇더라고요..,UNDERkg,2022-01-12T11:51:12Z,1
두목님 근데 이제 얼굴 낯익어서 안봐도 어떤 얼굴일지 상상되는데 왜 계속 가리시는거에요.  괜히 눈길 더 가요 ㅋㅋㅋㅋ,연돌,2022-01-12T11:35:03Z,0
수줍어..,UNDERkg,2022-01-12T11:54:38Z,0
오늘도 퇴근 늦게하시나봐요 ㅋㅋㅋ,이우연의축구연구소,2022-01-12T11:35:01Z,1
티맵 봤는데 길이 막혀 ㅋㅋㅋㅋ,UNDERkg,2022-01-12T11:51:48Z,0
역시 두목님이야. 기계랑 대화하는 능력까지 갖추셨어.,정근성,2022-01-12T11:34:09Z,13
두목님 안드로이드 화 ㄷㄷ,일론머스크,2022-01-12T13:55:58Z,0
나는 말을 걸고 기계는 듣지 않음,UNDERkg,2022-01-12T11:37:46Z,6
사우론의 눈이 떠오르는 썸넬이였따...,LeesMond,2022-01-12T11:33:43Z,0
석촌호수 청정해진다,UNDERkg,2022-01-12T11:53:52Z,0
아 나도 자석 찾고있었어요 ㅜㅠㅋㅋㅋㅋ,jh설인의 기록지,2022-01-12T11:33:15Z,3
ㅋㅋㅋㅋㅋㅋㅋ 나 이상한거 아니지?,UNDERkg,2022-01-12T11:49:45Z,2
[속보]두목 전문성 의심 비발쳐 리모컨에서 자석을 찾는 희대의 실수로  은퇴 위기,소나기,2022-01-12T11:31:58Z,0
와  퓨리케어 산지 6개월도안되었는데  젠장 ㅠ ㅠ,S kulls,2022-01-12T11:31:14Z,1
@S kulls 에어로타워 거실에서 쓰기는 너무 작아요ㅠㅠ 퓨리케어짱,Boom Shakalaka,2022-02-05T12:53:35Z,0
@UNDERkg 퓨리케어 알파플러스 360 2단짜리욤,S kulls,2022-01-12T14:34:13Z,1
어떤 퓨리케어?,UNDERkg,2022-01-12T11:37:48Z,1
LG는 냉장고도 잘 만들고 공기청정기도 잘 만들던데 이제 스마트폰 만들면 성공할듯,Nexus,2022-01-12T11:30:53Z,53
죽은 아들 불알 만지는…,아니요,2022-01-12T12:49:35Z,0
디스플레이가회전 한다던지 <br>듀얼스크린이 있다던지 <br>그런 색다른 휴대폰도 만들면 좋을듯,민시박,2022-01-12T12:37:08Z,12
아니다 이 악마야,낭만주의자,2022-01-12T11:42:08Z,11
진출하나요?,UNDERkg,2022-01-12T11:32:41Z,40
요즘 업로드 주기가 짧아졌네요,류의사항,2022-01-12T11:30:35Z,0
잘했쪙?,UNDERkg,2022-01-12T11:36:59Z,1
"<a href=""https://www.youtube.com/watch?v=sWC-pp6CXpA&amp;t=3m39s"">3:39</a> 체온 1도요? 에어컨 인가요?",용훈,2022-01-12T11:29:34Z,0
송풍 모드로 놨을 때 그렇다는... 맞아 보니 바람이 좀 차갑긴 해요;;,UNDERkg,2022-01-12T11:30:16Z,0
신발불편해...................................................................................................................................지만 영상보니사고싶어요,상어,2022-01-12T11:27:59Z,0
사무실이에욤....,UNDERkg,2022-01-12T11:28:41Z,0
"<a href=""https://www.youtube.com/watch?v=sWC-pp6CXpA&amp;t=7m50s"">7:50</a> 젠폰이 주인공입니다!",Nest D,2022-01-12T11:27:58Z,0
백만원짜리 사은품 ㅋㅎㅋㅋㅋ,김푸딩,2022-01-12T11:27:28Z,0
5평까지밖에 케어가 안된다는게 아쉽넼ㅋㅋ,JK,2022-01-12T11:27:06Z,0
덩치에 비해 왜 이런지 모르겠어요;,UNDERkg,2022-01-12T11:29:49Z,0
혹시나 있을 되팔이 막으려고 허접(?)한 테이프를 겉에 둘러놓은 듯,맹맹맹,2022-01-12T11:25:39Z,0
넹 뭐 본 제품도 이렇게 오면 그 때 삐져도 될 듯 ㅋ,UNDERkg,2022-01-12T11:27:40Z,0
두목님 미국서타일 이신가요.<br>집에서 신발 신고 계시네...,소소한가,2022-01-12T11:25:22Z,0
사무실이여 ㅋㅋㅋㅋ,UNDERkg,2022-01-12T11:26:57Z,0
"어이 lg, 이거 말고 퓨리케어 마스크나 빨리 출시해라 ㅡㅡ",풍차마을,2022-01-12T11:25:19Z,0
디자인이... 왜 자꾸 고데기로 보이는걸까...,하쳇트,2022-01-12T11:24:33Z,3
ㅋㅋㅋㅋㅋㅋ 여러가지 나오네 ㅋㅋㅋㅋ,UNDERkg,2022-01-12T11:32:07Z,2
원플원ㅋㅋ 그만큼 리뷰를 잘 해달라는거지,과학 야스오,2022-01-12T11:24:31Z,1
"@UNDERkg  맞네..,..,,,",과학 야스오,2022-01-12T11:28:49Z,0
나인지 어떻게 알고...??,UNDERkg,2022-01-12T11:25:54Z,2
"<a href=""https://www.youtube.com/watch?v=sWC-pp6CXpA&amp;t=11m02s"">11:02</a> 나도 낚였어요ㅋㅋㅋ 나도 바보가봐ㅠㅠ",Young Yang,2022-01-12T11:24:00Z,1
그쵸???? 제가 이상한거 아니죠???,UNDERkg,2022-01-12T11:24:50Z,0
제목이 낚시일줄 알았는데 아니어서 놀랐던ㅋㅋ 아랫쪽 달랑달랑 신경 쓰였는데 비닐 씌워진거여서 넘 웃겼고요~~ 작동하는 모습 보니까 디자인도 예쁘고 좋아보여서 혹하네요!,Apple Lee,2022-01-12T11:23:26Z,90
낚시 맞는데 ㅋㅋ,ㅇ,2022-01-13T16:24:58Z,1
ㄹㅇㅋㅋ,영등포라면한사발,2022-01-12T16:24:39Z,1
저도 돌아가는거에서 마음이 좀 움직임 ㅋㅋ,UNDERkg,2022-01-12T11:25:41Z,10
아 현대 자동차도 본받아서<br>1+1 해주세요,코스모스,2022-01-12T11:23:17Z,2
@UNDERkg 아...안돼...,코스모스,2022-01-12T11:34:18Z,0
대신 달력을 드리겠습니다,UNDERkg,2022-01-12T11:25:26Z,0
생긴거에 비해 필터가 작네요,kwangbo,2022-01-12T11:23:12Z,0
그래서 사실 밑부분의 원형이 있지 않을까 의심 중 ㅋㅋㅋㅋㅋ,UNDERkg,2022-01-12T11:25:14Z,0
썸넬만 보고 롯데랑 콜라보한줄 ㅋㅋ,이남규,2022-01-12T11:22:46Z,1
미세먼지 판독기,UNDERkg,2022-01-12T11:31:18Z,0
"<a href=""https://www.youtube.com/watch?v=sWC-pp6CXpA&amp;t=7m26s"">7:26</a> 두목이 몸으로 설명하면 대부분... 크흠..",황유선,2022-01-12T11:22:04Z,0
대부분 뭐!!,UNDERkg,2022-01-12T11:37:10Z,1
"기계치 F717 <a href=""https://www.youtube.com/watch?v=sWC-pp6CXpA&amp;t=4m07s"">4:07</a>",단디,2022-01-12T11:21:45Z,0
@UNDERkg ㅋㅋㅋ,단디,2022-01-12T11:43:32Z,0
내가 기계치인 것이 아니고 기계가 나를 모르는 것,UNDERkg,2022-01-12T11:30:42Z,2
LCK개막식인 시간에 언케영상을 보러 온나를 칭찬해주세요,samsung Exynos 2020,2022-01-12T11:21:26Z,3
@UNDERkg 감사해요 ㅠㅠ,samsung Exynos 2020,2022-01-12T11:26:33Z,0
고마워요 ㅠㅠㅠㅠㅠ,UNDERkg,2022-01-12T11:23:33Z,2
이게... 참 통이 당황스럽게 크네요 ㅋㅋ,s h6h6h6,2022-01-12T11:20:40Z,1
그니까 ㅋㅋㅋㅋ 이게 뭐여,UNDERkg,2022-01-12T11:23:40Z,0
LG 퓨리케어 롯데타워 콜라보레이션이군요! 즉시 구매해야겠어요!!,LEITZ,2022-01-12T11:20:27Z,4
ㅋㅋㅋㅋㅋㅋㅋㅋㅋㅋㅋㅋㅋㅋㅋㅋ 그래 고데기보다는 롯데타워가 낫다..,UNDERkg,2022-01-12T11:24:04Z,2
"와 이거 구매하고 싶었는데 아직 믿음이 안가서 기다리고 있었더니, 빨리구매하는게 이득이었네요 ㅋㅋ",Male Otter,2022-01-12T11:19:38Z,2
그니까요 ㅋㅋㅋㅋㅋ 이게 뭔 일,UNDERkg,2022-01-12T11:23:22Z,5
큰 고데기 같기도 한것 같은데...,유정수,2022-01-12T11:19:19Z,0
ㅋㅋㅋㅋㅋㅋㅋㅋ 그렇게 보이잖아 내 머리속에서 나가,UNDERkg,2022-01-12T11:19:53Z,3
스마트폰 할때도 저렇게 해주지...,엊쩔티비ㅋ,2022-01-12T11:19:04Z,0
통큰 LG ㅋㅋㅋ,애플은사과,2022-01-12T11:19:01Z,1
5평형 치곤 넘비싸영 ㅋㅋㅋ <br>저는 20년형 미사일같이생긴 2단 퓨리케어 360 쓰고 있어용<br>필터가 넘호 비싸여<br>그리고 바람이 춥긴 추워여..,조문,2022-01-12T11:18:52Z,1
네 옆에 누워 있으니까 은근 추움;;,UNDERkg,2022-01-12T11:23:50Z,0
"<a href=""https://www.youtube.com/watch?v=sWC-pp6CXpA&amp;t=7m41s"">7:41</a> 오 메인폰 최종 결정 이후 젠폰 꺼내는거 처음봐요 ㅋㅋㅋ",김도훈,2022-01-12T11:18:37Z,1
잉 그런가? ㅋㅋㅋㅋ,UNDERkg,2022-01-12T11:20:01Z,0
사상 최초로 기계 눈치보는 언박싱ㅋㅋㅋㅋㅋㅋㅋㅋㅋㅋㅋㅋㅋㅋㅋㅋ,Pindang2,2022-01-12T11:17:13Z,88
@UNDERkg ㅋㅋㅋㅋㅋ,영등포라면한사발,2022-01-12T16:24:33Z,1
아니 비닐 안 뗐는데 들어가잖아 ㅋㅋㅋㅋ,UNDERkg,2022-01-12T11:19:36Z,16
와 ㅋㅋㅋㅋ 지리네 100만원ㅉㅉㅉㅉ리 그냥 보냊ㅈㅈ주네 ㅋㅋㅋㅋㅋㅋㅋㅋㅋㅋㅋㅋㅋㅋ,비공개,2022-01-12T11:17:09Z,0
좋긴 한데 이해가 안 됨 ㅋㅋㅋㅋ,UNDERkg,2022-01-12T11:20:10Z,0
사이 공간에서 전기 나오게 생겼어요,Gibeom Lee,2022-01-12T11:16:10Z,1
ㅋㅋㅋㅋㅋㅋ 하여튼 뭔가 조금씩 본 것 같이 생김,UNDERkg,2022-01-12T11:29:00Z,1
타워 기둥에 사우론의 눈 장착 마렵게 생겼네,김학찬,2022-01-12T11:15:55Z,2
ㅋㅋㅋㅋㅋ다들 같은 생각이넴,UNDERkg,2022-01-12T11:54:10Z,0
가전제품이 원플원이면 개꿀인데!,잔날다,2022-01-12T11:15:45Z,0
개꿀!!,UNDERkg,2022-01-12T11:37:58Z,0
원효대사 ㅋㅋㅋㅋㅋㅋ,원타치,2022-01-12T11:15:16Z,1
달랑거리는 라벨을 읽읍시다.,UNDERkg,2022-01-12T11:26:39Z,0
세계최초 가전재품 1+1,ㅈㅎㅇ,2022-01-12T11:14:53Z,0
이걸 원플원ㅋㅋㅋ,김덜걱,2022-01-12T11:14:51Z,0
와 하나 사셨으니 하나 저희 주신다구요? 역시 대장님입니다,spartame A,2022-01-12T11:14:12Z,27
@UNDERkg 🙆🏻🙆🏻🙆🏻🙆🏻🙆🏻🙆🏻🙆🏻🙆🏻🙆🏻,까치산역,2022-01-13T11:28:05Z,0
@UNDERkg 🙇🙇🙇🙇🙇🙇🙇🙇,민시박,2022-01-12T15:25:17Z,1
@UNDERkg 🙆🙆🙆🙆🙆🙆🙆🙆🙆🙆🙆,이상윤,2022-01-12T14:49:34Z,1
@UNDERkg 🙆🏻🙆🏻🙆🏻🙆🏻🙆🏻🙆🏻🙆🏻🙆🏻🙆🏻,l,2022-01-12T13:00:49Z,1
🙅🙅🙅🙅🙅🙅🙅🙅🙅🙅,UNDERkg,2022-01-12T11:33:08Z,15
오늘 인트로가 ㅋㅋㅋㅋㅋ 이번제품은 디자인이 되게 독특하네요 기능도 독특하구요 공기청정에 온풍이 될거라고는... 근데 하나를 꽁으로 받으시다니 ㅇㅅㅇ,TurboDodge,2022-01-12T11:13:53Z,1
@UNDERkg 얼떨결에 두개를 받으시는거네요 ㅋㅋㅋㅋ,TurboDodge,2022-01-12T11:15:10Z,0
넹 공기청정기 + 써큘레이터 + 온풍기 생각하면 될 듯.,UNDERkg,2022-01-12T11:14:27Z,1
롯데 월드타워 스피커,단디,2022-01-12T11:13:43Z,0
월드타워도 아니고 스피커도 아니잖아 ㅋㅋ,UNDERkg,2022-01-12T11:25:01Z,0
이게 대기업 고객서비스지..,황석현,2022-01-12T11:13:39Z,5
고맙긴 한데 왜인지 아직도 모르겠음 ㅋㅋ,UNDERkg,2022-01-12T11:15:00Z,2
ㄷㄷㄷ,Support,2022-01-12T11:13:31Z,0
ㅋㅋㅋㅋㅋㅋ,why,2022-01-12T11:13:26Z,0
픽셀....6....리뷰....,chad,2022-01-12T11:12:52Z,2
얼떨결에 원플원ㅋㅋㅋㅋㅋㅋㅋㅋㅋㅋ,리릭,2022-01-12T11:12:48Z,54
유튜버니까 줬겠죠...ㅎㅎ,1분영상,2022-02-14T09:33:20Z,0
@UNDERkg알고보니 잘못보내서 다시 내놓으라고 문자오면 ㅋㅋㅋㅋㅋ,조승우,2022-01-12T12:42:31Z,1
아직도 왜 이렇게 통 큰 선물을 줬는지 모르겠음 ㅋㅋ,UNDERkg,2022-01-12T11:13:49Z,12
LCK 개막날인 중요한 시간에 언더케이지는 못참죠 ㅋㅋ,신지훈,2022-01-12T11:12:18Z,15
이건 찐 의리다 ㅋㅋ,yoon,2022-01-12T11:48:57Z,2
의리 무엇,UNDERkg,2022-01-12T11:14:01Z,7
인트롴ㅋㅋㅋㅋㅋㅋㅋㅋㅋㅋㅋㅌㅋㅋㅋㅋㅌㅌㅋ,별냥이,2022-01-12T11:12:14Z,0
1빠다!!!! 좋아요 눌러 주세요 !!!!!,김승현,2022-01-12T11:12:13Z,0
하만카돈 스피커인줄...,Grace,2022-01-12T11:12:02Z,0
ㅋㅋㅋㅋ 싸이테이션?,UNDERkg,2022-01-12T11:14:41Z,0
2등,부엉이,2022-01-12T11:11:57Z,0
3,가나다,2022-01-12T11:11:52Z,0
1,펭구,2022-01-12T11:11:49Z,0
1등이네 ㅎㅎ,애플은사과,2022-01-12T11:11:47Z,0
오,테르밋,2022-01-12T11:11:44Z,0
와우,제로 Xero,2022-01-12T11:11:43Z,0
1+1 이라니 대박이네요 ㅋㅋㅋ,S Bakk,2022-01-12T11:39:49Z,44
받으면서도 당황 ㅋㅋㅋ,UNDERkg,2022-01-12T11:49:33Z,12
다이슨 퓨어 핫앤쿨이 가성비가 되어버렸어...ㅋㅋㅋㅋㅋㅋㅋㅋㅋ,영영,2022-01-12T11:39:42Z,6
가성비 되는 법: 다른게 더 비싸진다,UNDERkg,2022-01-12T11:50:21Z,2
아니 하나 더 준게 왤케 웃기지 ㅋㅋㅋ,q werty,2022-01-12T11:38:09Z,0
나도 좋은데 웃겨 ㅋㅋㅋㅋㅋ,UNDERkg,2022-01-12T11:53:15Z,0
롯데월드타워 : 1분만에 올라가는 엘리베이터<br>퓨리케어 에어로타워 오브제컬렉션 : 1분만에 흑우되는 엘리베이터,K-Jammin,2022-01-12T11:36:30Z,1
ㅋㅋㅋㅋㅋㅋㅋㅋㅋㅋ 흑우된거야?,UNDERkg,2022-01-12T11:38:06Z,0
UV는 눈에 안보입니다..,김성주,2022-01-12T11:36:27Z,0
그럴수있죠 ㅋㅋㅋㅋㅋ,김성주,2022-01-12T12:02:16Z,0
네.. 그렇더라고요..,UNDERkg,2022-01-12T11:51:12Z,1
두목님 근데 이제 얼굴 낯익어서 안봐도 어떤 얼굴일지 상상되는데 왜 계속 가리시는거에요.  괜히 눈길 더 가요 ㅋㅋㅋㅋ,연돌,2022-01-12T11:35:03Z,0
수줍어..,UNDERkg,2022-01-12T11:54:38Z,0
오늘도 퇴근 늦게하시나봐요 ㅋㅋㅋ,이우연의축구연구소,2022-01-12T11:35:01Z,1
티맵 봤는데 길이 막혀 ㅋㅋㅋㅋ,UNDERkg,2022-01-12T11:51:48Z,0
역시 두목님이야. 기계랑 대화하는 능력까지 갖추셨어.,정근성,2022-01-12T11:34:09Z,13
두목님 안드로이드 화 ㄷㄷ,일론머스크,2022-01-12T13:55:58Z,0
나는 말을 걸고 기계는 듣지 않음,UNDERkg,2022-01-12T11:37:46Z,6
사우론의 눈이 떠오르는 썸넬이였따...,LeesMond,2022-01-12T11:33:43Z,0
석촌호수 청정해진다,UNDERkg,2022-01-12T11:53:52Z,0
아 나도 자석 찾고있었어요 ㅜㅠㅋㅋㅋㅋ,jh설인의 기록지,2022-01-12T11:33:15Z,3
ㅋㅋㅋㅋㅋㅋㅋ 나 이상한거 아니지?,UNDERkg,2022-01-12T11:49:45Z,2
[속보]두목 전문성 의심 비발쳐 리모컨에서 자석을 찾는 희대의 실수로  은퇴 위기,소나기,2022-01-12T11:31:58Z,0
와  퓨리케어 산지 6개월도안되었는데  젠장 ㅠ ㅠ,S kulls,2022-01-12T11:31:14Z,1
@S kulls 에어로타워 거실에서 쓰기는 너무 작아요ㅠㅠ 퓨리케어짱,Boom Shakalaka,2022-02-05T12:53:35Z,0
@UNDERkg 퓨리케어 알파플러스 360 2단짜리욤,S kulls,2022-01-12T14:34:13Z,1
어떤 퓨리케어?,UNDERkg,2022-01-12T11:37:48Z,1
LG는 냉장고도 잘 만들고 공기청정기도 잘 만들던데 이제 스마트폰 만들면 성공할듯,Nexus,2022-01-12T11:30:53Z,53
죽은 아들 불알 만지는…,아니요,2022-01-12T12:49:35Z,0
디스플레이가회전 한다던지 <br>듀얼스크린이 있다던지 <br>그런 색다른 휴대폰도 만들면 좋을듯,민시박,2022-01-12T12:37:08Z,12
아니다 이 악마야,낭만주의자,2022-01-12T11:42:08Z,11
진출하나요?,UNDERkg,2022-01-12T11:32:41Z,40
요즘 업로드 주기가 짧아졌네요,류의사항,2022-01-12T11:30:35Z,0
잘했쪙?,UNDERkg,2022-01-12T11:36:59Z,1
"<a href=""https://www.youtube.com/watch?v=sWC-pp6CXpA&amp;t=3m39s"">3:39</a> 체온 1도요? 에어컨 인가요?",용훈,2022-01-12T11:29:34Z,0
송풍 모드로 놨을 때 그렇다는... 맞아 보니 바람이 좀 차갑긴 해요;;,UNDERkg,2022-01-12T11:30:16Z,0
신발불편해...................................................................................................................................지만 영상보니사고싶어요,상어,2022-01-12T11:27:59Z,0
사무실이에욤....,UNDERkg,2022-01-12T11:28:41Z,0
"<a href=""https://www.youtube.com/watch?v=sWC-pp6CXpA&amp;t=7m50s"">7:50</a> 젠폰이 주인공입니다!",Nest D,2022-01-12T11:27:58Z,0
백만원짜리 사은품 ㅋㅎㅋㅋㅋ,김푸딩,2022-01-12T11:27:28Z,0
5평까지밖에 케어가 안된다는게 아쉽넼ㅋㅋ,JK,2022-01-12T11:27:06Z,0
덩치에 비해 왜 이런지 모르겠어요;,UNDERkg,2022-01-12T11:29:49Z,0
혹시나 있을 되팔이 막으려고 허접(?)한 테이프를 겉에 둘러놓은 듯,맹맹맹,2022-01-12T11:25:39Z,0
넹 뭐 본 제품도 이렇게 오면 그 때 삐져도 될 듯 ㅋ,UNDERkg,2022-01-12T11:27:40Z,0
두목님 미국서타일 이신가요.<br>집에서 신발 신고 계시네...,소소한가,2022-01-12T11:25:22Z,0
사무실이여 ㅋㅋㅋㅋ,UNDERkg,2022-01-12T11:26:57Z,0
"어이 lg, 이거 말고 퓨리케어 마스크나 빨리 출시해라 ㅡㅡ",풍차마을,2022-01-12T11:25:19Z,0
디자인이... 왜 자꾸 고데기로 보이는걸까...,하쳇트,2022-01-12T11:24:33Z,3
ㅋㅋㅋㅋㅋㅋ 여러가지 나오네 ㅋㅋㅋㅋ,UNDERkg,2022-01-12T11:32:07Z,2
원플원ㅋㅋ 그만큼 리뷰를 잘 해달라는거지,과학 야스오,2022-01-12T11:24:31Z,1
"@UNDERkg  맞네..,..,,,",과학 야스오,2022-01-12T11:28:49Z,0
나인지 어떻게 알고...??,UNDERkg,2022-01-12T11:25:54Z,2
"<a href=""https://www.youtube.com/watch?v=sWC-pp6CXpA&amp;t=11m02s"">11:02</a> 나도 낚였어요ㅋㅋㅋ 나도 바보가봐ㅠㅠ",Young Yang,2022-01-12T11:24:00Z,1
그쵸???? 제가 이상한거 아니죠???,UNDERkg,2022-01-12T11:24:50Z,0
제목이 낚시일줄 알았는데 아니어서 놀랐던ㅋㅋ 아랫쪽 달랑달랑 신경 쓰였는데 비닐 씌워진거여서 넘 웃겼고요~~ 작동하는 모습 보니까 디자인도 예쁘고 좋아보여서 혹하네요!,Apple Lee,2022-01-12T11:23:26Z,90
낚시 맞는데 ㅋㅋ,ㅇ,2022-01-13T16:24:58Z,1
ㄹㅇㅋㅋ,영등포라면한사발,2022-01-12T16:24:39Z,1
저도 돌아가는거에서 마음이 좀 움직임 ㅋㅋ,UNDERkg,2022-01-12T11:25:41Z,10
아 현대 자동차도 본받아서<br>1+1 해주세요,코스모스,2022-01-12T11:23:17Z,2
@UNDERkg 아...안돼...,코스모스,2022-01-12T11:34:18Z,0
대신 달력을 드리겠습니다,UNDERkg,2022-01-12T11:25:26Z,0
생긴거에 비해 필터가 작네요,kwangbo,2022-01-12T11:23:12Z,0
그래서 사실 밑부분의 원형이 있지 않을까 의심 중 ㅋㅋㅋㅋㅋ,UNDERkg,2022-01-12T11:25:14Z,0
썸넬만 보고 롯데랑 콜라보한줄 ㅋㅋ,이남규,2022-01-12T11:22:46Z,1
미세먼지 판독기,UNDERkg,2022-01-12T11:31:18Z,0
"<a href=""https://www.youtube.com/watch?v=sWC-pp6CXpA&amp;t=7m26s"">7:26</a> 두목이 몸으로 설명하면 대부분... 크흠..",황유선,2022-01-12T11:22:04Z,0
대부분 뭐!!,UNDERkg,2022-01-12T11:37:10Z,1
"기계치 F717 <a href=""https://www.youtube.com/watch?v=sWC-pp6CXpA&amp;t=4m07s"">4:07</a>",단디,2022-01-12T11:21:45Z,0
@UNDERkg ㅋㅋㅋ,단디,2022-01-12T11:43:32Z,0
내가 기계치인 것이 아니고 기계가 나를 모르는 것,UNDERkg,2022-01-12T11:30:42Z,2
LCK개막식인 시간에 언케영상을 보러 온나를 칭찬해주세요,samsung Exynos 2020,2022-01-12T11:21:26Z,3
@UNDERkg 감사해요 ㅠㅠ,samsung Exynos 2020,2022-01-12T11:26:33Z,0
고마워요 ㅠㅠㅠㅠㅠ,UNDERkg,2022-01-12T11:23:33Z,2
이게... 참 통이 당황스럽게 크네요 ㅋㅋ,s h6h6h6,2022-01-12T11:20:40Z,1
그니까 ㅋㅋㅋㅋ 이게 뭐여,UNDERkg,2022-01-12T11:23:40Z,0
LG 퓨리케어 롯데타워 콜라보레이션이군요! 즉시 구매해야겠어요!!,LEITZ,2022-01-12T11:20:27Z,4
ㅋㅋㅋㅋㅋㅋㅋㅋㅋㅋㅋㅋㅋㅋㅋㅋ 그래 고데기보다는 롯데타워가 낫다..,UNDERkg,2022-01-12T11:24:04Z,2
"와 이거 구매하고 싶었는데 아직 믿음이 안가서 기다리고 있었더니, 빨리구매하는게 이득이었네요 ㅋㅋ",Male Otter,2022-01-12T11:19:38Z,2
그니까요 ㅋㅋㅋㅋㅋ 이게 뭔 일,UNDERkg,2022-01-12T11:23:22Z,5
큰 고데기 같기도 한것 같은데...,유정수,2022-01-12T11:19:19Z,0
ㅋㅋㅋㅋㅋㅋㅋㅋ 그렇게 보이잖아 내 머리속에서 나가,UNDERkg,2022-01-12T11:19:53Z,3
스마트폰 할때도 저렇게 해주지...,엊쩔티비ㅋ,2022-01-12T11:19:04Z,0
통큰 LG ㅋㅋㅋ,애플은사과,2022-01-12T11:19:01Z,1
5평형 치곤 넘비싸영 ㅋㅋㅋ <br>저는 20년형 미사일같이생긴 2단 퓨리케어 360 쓰고 있어용<br>필터가 넘호 비싸여<br>그리고 바람이 춥긴 추워여..,조문,2022-01-12T11:18:52Z,1
네 옆에 누워 있으니까 은근 추움;;,UNDERkg,2022-01-12T11:23:50Z,0
"<a href=""https://www.youtube.com/watch?v=sWC-pp6CXpA&amp;t=7m41s"">7:41</a> 오 메인폰 최종 결정 이후 젠폰 꺼내는거 처음봐요 ㅋㅋㅋ",김도훈,2022-01-12T11:18:37Z,1
잉 그런가? ㅋㅋㅋㅋ,UNDERkg,2022-01-12T11:20:01Z,0
사상 최초로 기계 눈치보는 언박싱ㅋㅋㅋㅋㅋㅋㅋㅋㅋㅋㅋㅋㅋㅋㅋㅋ,Pindang2,2022-01-12T11:17:13Z,88
@UNDERkg ㅋㅋㅋㅋㅋ,영등포라면한사발,2022-01-12T16:24:33Z,1
아니 비닐 안 뗐는데 들어가잖아 ㅋㅋㅋㅋ,UNDERkg,2022-01-12T11:19:36Z,16
와 ㅋㅋㅋㅋ 지리네 100만원ㅉㅉㅉㅉ리 그냥 보냊ㅈㅈ주네 ㅋㅋㅋㅋㅋㅋㅋㅋㅋㅋㅋㅋㅋㅋ,비공개,2022-01-12T11:17:09Z,0
좋긴 한데 이해가 안 됨 ㅋㅋㅋㅋ,UNDERkg,2022-01-12T11:20:10Z,0
사이 공간에서 전기 나오게 생겼어요,Gibeom Lee,2022-01-12T11:16:10Z,1
ㅋㅋㅋㅋㅋㅋ 하여튼 뭔가 조금씩 본 것 같이 생김,UNDERkg,2022-01-12T11:29:00Z,1
타워 기둥에 사우론의 눈 장착 마렵게 생겼네,김학찬,2022-01-12T11:15:55Z,2
ㅋㅋㅋㅋㅋ다들 같은 생각이넴,UNDERkg,2022-01-12T11:54:10Z,0
가전제품이 원플원이면 개꿀인데!,잔날다,2022-01-12T11:15:45Z,0
개꿀!!,UNDERkg,2022-01-12T11:37:58Z,0
원효대사 ㅋㅋㅋㅋㅋㅋ,원타치,2022-01-12T11:15:16Z,1
달랑거리는 라벨을 읽읍시다.,UNDERkg,2022-01-12T11:26:39Z,0
세계최초 가전재품 1+1,ㅈㅎㅇ,2022-01-12T11:14:53Z,0
이걸 원플원ㅋㅋㅋ,김덜걱,2022-01-12T11:14:51Z,0
와 하나 사셨으니 하나 저희 주신다구요? 역시 대장님입니다,spartame A,2022-01-12T11:14:12Z,27
@UNDERkg 🙆🏻🙆🏻🙆🏻🙆🏻🙆🏻🙆🏻🙆🏻🙆🏻🙆🏻,까치산역,2022-01-13T11:28:05Z,0
@UNDERkg 🙇🙇🙇🙇🙇🙇🙇🙇,민시박,2022-01-12T15:25:17Z,1
@UNDERkg 🙆🙆🙆🙆🙆🙆🙆🙆🙆🙆🙆,이상윤,2022-01-12T14:49:34Z,1
@UNDERkg 🙆🏻🙆🏻🙆🏻🙆🏻🙆🏻🙆🏻🙆🏻🙆🏻🙆🏻,l,2022-01-12T13:00:49Z,1
🙅🙅🙅🙅🙅🙅🙅🙅🙅🙅,UNDERkg,2022-01-12T11:33:08Z,15
오늘 인트로가 ㅋㅋㅋㅋㅋ 이번제품은 디자인이 되게 독특하네요 기능도 독특하구요 공기청정에 온풍이 될거라고는... 근데 하나를 꽁으로 받으시다니 ㅇㅅㅇ,TurboDodge,2022-01-12T11:13:53Z,1
@UNDERkg 얼떨결에 두개를 받으시는거네요 ㅋㅋㅋㅋ,TurboDodge,2022-01-12T11:15:10Z,0
넹 공기청정기 + 써큘레이터 + 온풍기 생각하면 될 듯.,UNDERkg,2022-01-12T11:14:27Z,1
롯데 월드타워 스피커,단디,2022-01-12T11:13:43Z,0
월드타워도 아니고 스피커도 아니잖아 ㅋㅋ,UNDERkg,2022-01-12T11:25:01Z,0
이게 대기업 고객서비스지..,황석현,2022-01-12T11:13:39Z,5
고맙긴 한데 왜인지 아직도 모르겠음 ㅋㅋ,UNDERkg,2022-01-12T11:15:00Z,2
ㄷㄷㄷ,Support,2022-01-12T11:13:31Z,0
ㅋㅋㅋㅋㅋㅋ,why,2022-01-12T11:13:26Z,0
픽셀....6....리뷰....,chad,2022-01-12T11:12:52Z,2
얼떨결에 원플원ㅋㅋㅋㅋㅋㅋㅋㅋㅋㅋ,리릭,2022-01-12T11:12:48Z,54
유튜버니까 줬겠죠...ㅎㅎ,1분영상,2022-02-14T09:33:20Z,0
@UNDERkg알고보니 잘못보내서 다시 내놓으라고 문자오면 ㅋㅋㅋㅋㅋ,조승우,2022-01-12T12:42:31Z,1
아직도 왜 이렇게 통 큰 선물을 줬는지 모르겠음 ㅋㅋ,UNDERkg,2022-01-12T11:13:49Z,12
LCK 개막날인 중요한 시간에 언더케이지는 못참죠 ㅋㅋ,신지훈,2022-01-12T11:12:18Z,15
이건 찐 의리다 ㅋㅋ,yoon,2022-01-12T11:48:57Z,2
의리 무엇,UNDERkg,2022-01-12T11:14:01Z,7
인트롴ㅋㅋㅋㅋㅋㅋㅋㅋㅋㅋㅋㅌㅋㅋㅋㅋㅌㅌㅋ,별냥이,2022-01-12T11:12:14Z,0
1빠다!!!! 좋아요 눌러 주세요 !!!!!,김승현,2022-01-12T11:12:13Z,0
하만카돈 스피커인줄...,Grace,2022-01-12T11:12:02Z,0
ㅋㅋㅋㅋ 싸이테이션?,UNDERkg,2022-01-12T11:14:41Z,0
2등,부엉이,2022-01-12T11:11:57Z,0
3,가나다,2022-01-12T11:11:52Z,0
1,펭구,2022-01-12T11:11:49Z,0
1등이네 ㅎㅎ,애플은사과,2022-01-12T11:11:47Z,0
오,테르밋,2022-01-12T11:11:44Z,0
와우,제로 Xero,2022-01-12T11:11:43Z,0
1+1 이라니 대박이네요 ㅋㅋㅋ,S Bakk,2022-01-12T11:39:49Z,44
받으면서도 당황 ㅋㅋㅋ,UNDERkg,2022-01-12T11:49:33Z,12
다이슨 퓨어 핫앤쿨이 가성비가 되어버렸어...ㅋㅋㅋㅋㅋㅋㅋㅋㅋ,영영,2022-01-12T11:39:42Z,6
가성비 되는 법: 다른게 더 비싸진다,UNDERkg,2022-01-12T11:50:21Z,2
아니 하나 더 준게 왤케 웃기지 ㅋㅋㅋ,q werty,2022-01-12T11:38:09Z,0
나도 좋은데 웃겨 ㅋㅋㅋㅋㅋ,UNDERkg,2022-01-12T11:53:15Z,0
롯데월드타워 : 1분만에 올라가는 엘리베이터<br>퓨리케어 에어로타워 오브제컬렉션 : 1분만에 흑우되는 엘리베이터,K-Jammin,2022-01-12T11:36:30Z,1
ㅋㅋㅋㅋㅋㅋㅋㅋㅋㅋ 흑우된거야?,UNDERkg,2022-01-12T11:38:06Z,0
UV는 눈에 안보입니다..,김성주,2022-01-12T11:36:27Z,0
그럴수있죠 ㅋㅋㅋㅋㅋ,김성주,2022-01-12T12:02:16Z,0
네.. 그렇더라고요..,UNDERkg,2022-01-12T11:51:12Z,1
두목님 근데 이제 얼굴 낯익어서 안봐도 어떤 얼굴일지 상상되는데 왜 계속 가리시는거에요.  괜히 눈길 더 가요 ㅋㅋㅋㅋ,연돌,2022-01-12T11:35:03Z,0
수줍어..,UNDERkg,2022-01-12T11:54:38Z,0
오늘도 퇴근 늦게하시나봐요 ㅋㅋㅋ,이우연의축구연구소,2022-01-12T11:35:01Z,1
티맵 봤는데 길이 막혀 ㅋㅋㅋㅋ,UNDERkg,2022-01-12T11:51:48Z,0
역시 두목님이야. 기계랑 대화하는 능력까지 갖추셨어.,정근성,2022-01-12T11:34:09Z,13
두목님 안드로이드 화 ㄷㄷ,일론머스크,2022-01-12T13:55:58Z,0
나는 말을 걸고 기계는 듣지 않음,UNDERkg,2022-01-12T11:37:46Z,6
사우론의 눈이 떠오르는 썸넬이였따...,LeesMond,2022-01-12T11:33:43Z,0
석촌호수 청정해진다,UNDERkg,2022-01-12T11:53:52Z,0
아 나도 자석 찾고있었어요 ㅜㅠㅋㅋㅋㅋ,jh설인의 기록지,2022-01-12T11:33:15Z,3
ㅋㅋㅋㅋㅋㅋㅋ 나 이상한거 아니지?,UNDERkg,2022-01-12T11:49:45Z,2
[속보]두목 전문성 의심 비발쳐 리모컨에서 자석을 찾는 희대의 실수로  은퇴 위기,소나기,2022-01-12T11:31:58Z,0
와  퓨리케어 산지 6개월도안되었는데  젠장 ㅠ ㅠ,S kulls,2022-01-12T11:31:14Z,1
@S kulls 에어로타워 거실에서 쓰기는 너무 작아요ㅠㅠ 퓨리케어짱,Boom Shakalaka,2022-02-05T12:53:35Z,0
@UNDERkg 퓨리케어 알파플러스 360 2단짜리욤,S kulls,2022-01-12T14:34:13Z,1
어떤 퓨리케어?,UNDERkg,2022-01-12T11:37:48Z,1
LG는 냉장고도 잘 만들고 공기청정기도 잘 만들던데 이제 스마트폰 만들면 성공할듯,Nexus,2022-01-12T11:30:53Z,53
죽은 아들 불알 만지는…,아니요,2022-01-12T12:49:35Z,0
디스플레이가회전 한다던지 <br>듀얼스크린이 있다던지 <br>그런 색다른 휴대폰도 만들면 좋을듯,민시박,2022-01-12T12:37:08Z,12
아니다 이 악마야,낭만주의자,2022-01-12T11:42:08Z,11
진출하나요?,UNDERkg,2022-01-12T11:32:41Z,40
요즘 업로드 주기가 짧아졌네요,류의사항,2022-01-12T11:30:35Z,0
잘했쪙?,UNDERkg,2022-01-12T11:36:59Z,1
"<a href=""https://www.youtube.com/watch?v=sWC-pp6CXpA&amp;t=3m39s"">3:39</a> 체온 1도요? 에어컨 인가요?",용훈,2022-01-12T11:29:34Z,0
송풍 모드로 놨을 때 그렇다는... 맞아 보니 바람이 좀 차갑긴 해요;;,UNDERkg,2022-01-12T11:30:16Z,0
신발불편해...................................................................................................................................지만 영상보니사고싶어요,상어,2022-01-12T11:27:59Z,0
사무실이에욤....,UNDERkg,2022-01-12T11:28:41Z,0
"<a href=""https://www.youtube.com/watch?v=sWC-pp6CXpA&amp;t=7m50s"">7:50</a> 젠폰이 주인공입니다!",Nest D,2022-01-12T11:27:58Z,0
백만원짜리 사은품 ㅋㅎㅋㅋㅋ,김푸딩,2022-01-12T11:27:28Z,0
5평까지밖에 케어가 안된다는게 아쉽넼ㅋㅋ,JK,2022-01-12T11:27:06Z,0
덩치에 비해 왜 이런지 모르겠어요;,UNDERkg,2022-01-12T11:29:49Z,0
혹시나 있을 되팔이 막으려고 허접(?)한 테이프를 겉에 둘러놓은 듯,맹맹맹,2022-01-12T11:25:39Z,0
넹 뭐 본 제품도 이렇게 오면 그 때 삐져도 될 듯 ㅋ,UNDERkg,2022-01-12T11:27:40Z,0
두목님 미국서타일 이신가요.<br>집에서 신발 신고 계시네...,소소한가,2022-01-12T11:25:22Z,0
사무실이여 ㅋㅋㅋㅋ,UNDERkg,2022-01-12T11:26:57Z,0
"어이 lg, 이거 말고 퓨리케어 마스크나 빨리 출시해라 ㅡㅡ",풍차마을,2022-01-12T11:25:19Z,0
디자인이... 왜 자꾸 고데기로 보이는걸까...,하쳇트,2022-01-12T11:24:33Z,3
ㅋㅋㅋㅋㅋㅋ 여러가지 나오네 ㅋㅋㅋㅋ,UNDERkg,2022-01-12T11:32:07Z,2
원플원ㅋㅋ 그만큼 리뷰를 잘 해달라는거지,과학 야스오,2022-01-12T11:24:31Z,1
"@UNDERkg  맞네..,..,,,",과학 야스오,2022-01-12T11:28:49Z,0
나인지 어떻게 알고...??,UNDERkg,2022-01-12T11:25:54Z,2
"<a href=""https://www.youtube.com/watch?v=sWC-pp6CXpA&amp;t=11m02s"">11:02</a> 나도 낚였어요ㅋㅋㅋ 나도 바보가봐ㅠㅠ",Young Yang,2022-01-12T11:24:00Z,1
그쵸???? 제가 이상한거 아니죠???,UNDERkg,2022-01-12T11:24:50Z,0
제목이 낚시일줄 알았는데 아니어서 놀랐던ㅋㅋ 아랫쪽 달랑달랑 신경 쓰였는데 비닐 씌워진거여서 넘 웃겼고요~~ 작동하는 모습 보니까 디자인도 예쁘고 좋아보여서 혹하네요!,Apple Lee,2022-01-12T11:23:26Z,90
낚시 맞는데 ㅋㅋ,ㅇ,2022-01-13T16:24:58Z,1
ㄹㅇㅋㅋ,영등포라면한사발,2022-01-12T16:24:39Z,1
저도 돌아가는거에서 마음이 좀 움직임 ㅋㅋ,UNDERkg,2022-01-12T11:25:41Z,10
아 현대 자동차도 본받아서<br>1+1 해주세요,코스모스,2022-01-12T11:23:17Z,2
@UNDERkg 아...안돼...,코스모스,2022-01-12T11:34:18Z,0
대신 달력을 드리겠습니다,UNDERkg,2022-01-12T11:25:26Z,0
생긴거에 비해 필터가 작네요,kwangbo,2022-01-12T11:23:12Z,0
그래서 사실 밑부분의 원형이 있지 않을까 의심 중 ㅋㅋㅋㅋㅋ,UNDERkg,2022-01-12T11:25:14Z,0
썸넬만 보고 롯데랑 콜라보한줄 ㅋㅋ,이남규,2022-01-12T11:22:46Z,1
미세먼지 판독기,UNDERkg,2022-01-12T11:31:18Z,0
"<a href=""https://www.youtube.com/watch?v=sWC-pp6CXpA&amp;t=7m26s"">7:26</a> 두목이 몸으로 설명하면 대부분... 크흠..",황유선,2022-01-12T11:22:04Z,0
대부분 뭐!!,UNDERkg,2022-01-12T11:37:10Z,1
"기계치 F717 <a href=""https://www.youtube.com/watch?v=sWC-pp6CXpA&amp;t=4m07s"">4:07</a>",단디,2022-01-12T11:21:45Z,0
@UNDERkg ㅋㅋㅋ,단디,2022-01-12T11:43:32Z,0
내가 기계치인 것이 아니고 기계가 나를 모르는 것,UNDERkg,2022-01-12T11:30:42Z,2
LCK개막식인 시간에 언케영상을 보러 온나를 칭찬해주세요,samsung Exynos 2020,2022-01-12T11:21:26Z,3
@UNDERkg 감사해요 ㅠㅠ,samsung Exynos 2020,2022-01-12T11:26:33Z,0
고마워요 ㅠㅠㅠㅠㅠ,UNDERkg,2022-01-12T11:23:33Z,2
이게... 참 통이 당황스럽게 크네요 ㅋㅋ,s h6h6h6,2022-01-12T11:20:40Z,1
그니까 ㅋㅋㅋㅋ 이게 뭐여,UNDERkg,2022-01-12T11:23:40Z,0
LG 퓨리케어 롯데타워 콜라보레이션이군요! 즉시 구매해야겠어요!!,LEITZ,2022-01-12T11:20:27Z,4
ㅋㅋㅋㅋㅋㅋㅋㅋㅋㅋㅋㅋㅋㅋㅋㅋ 그래 고데기보다는 롯데타워가 낫다..,UNDERkg,2022-01-12T11:24:04Z,2
"와 이거 구매하고 싶었는데 아직 믿음이 안가서 기다리고 있었더니, 빨리구매하는게 이득이었네요 ㅋㅋ",Male Otter,2022-01-12T11:19:38Z,2
그니까요 ㅋㅋㅋㅋㅋ 이게 뭔 일,UNDERkg,2022-01-12T11:23:22Z,5
큰 고데기 같기도 한것 같은데...,유정수,2022-01-12T11:19:19Z,0
ㅋㅋㅋㅋㅋㅋㅋㅋ 그렇게 보이잖아 내 머리속에서 나가,UNDERkg,2022-01-12T11:19:53Z,3
스마트폰 할때도 저렇게 해주지...,엊쩔티비ㅋ,2022-01-12T11:19:04Z,0
통큰 LG ㅋㅋㅋ,애플은사과,2022-01-12T11:19:01Z,1
5평형 치곤 넘비싸영 ㅋㅋㅋ <br>저는 20년형 미사일같이생긴 2단 퓨리케어 360 쓰고 있어용<br>필터가 넘호 비싸여<br>그리고 바람이 춥긴 추워여..,조문,2022-01-12T11:18:52Z,1
네 옆에 누워 있으니까 은근 추움;;,UNDERkg,2022-01-12T11:23:50Z,0
"<a href=""https://www.youtube.com/watch?v=sWC-pp6CXpA&amp;t=7m41s"">7:41</a> 오 메인폰 최종 결정 이후 젠폰 꺼내는거 처음봐요 ㅋㅋㅋ",김도훈,2022-01-12T11:18:37Z,1
잉 그런가? ㅋㅋㅋㅋ,UNDERkg,2022-01-12T11:20:01Z,0
사상 최초로 기계 눈치보는 언박싱ㅋㅋㅋㅋㅋㅋㅋㅋㅋㅋㅋㅋㅋㅋㅋㅋ,Pindang2,2022-01-12T11:17:13Z,88
@UNDERkg ㅋㅋㅋㅋㅋ,영등포라면한사발,2022-01-12T16:24:33Z,1
아니 비닐 안 뗐는데 들어가잖아 ㅋㅋㅋㅋ,UNDERkg,2022-01-12T11:19:36Z,16
와 ㅋㅋㅋㅋ 지리네 100만원ㅉㅉㅉㅉ리 그냥 보냊ㅈㅈ주네 ㅋㅋㅋㅋㅋㅋㅋㅋㅋㅋㅋㅋㅋㅋ,비공개,2022-01-12T11:17:09Z,0
좋긴 한데 이해가 안 됨 ㅋㅋㅋㅋ,UNDERkg,2022-01-12T11:20:10Z,0
사이 공간에서 전기 나오게 생겼어요,Gibeom Lee,2022-01-12T11:16:10Z,1
ㅋㅋㅋㅋㅋㅋ 하여튼 뭔가 조금씩 본 것 같이 생김,UNDERkg,2022-01-12T11:29:00Z,1
타워 기둥에 사우론의 눈 장착 마렵게 생겼네,김학찬,2022-01-12T11:15:55Z,2
ㅋㅋㅋㅋㅋ다들 같은 생각이넴,UNDERkg,2022-01-12T11:54:10Z,0
가전제품이 원플원이면 개꿀인데!,잔날다,2022-01-12T11:15:45Z,0
개꿀!!,UNDERkg,2022-01-12T11:37:58Z,0
원효대사 ㅋㅋㅋㅋㅋㅋ,원타치,2022-01-12T11:15:16Z,1
달랑거리는 라벨을 읽읍시다.,UNDERkg,2022-01-12T11:26:39Z,0
세계최초 가전재품 1+1,ㅈㅎㅇ,2022-01-12T11:14:53Z,0
이걸 원플원ㅋㅋㅋ,김덜걱,2022-01-12T11:14:51Z,0
와 하나 사셨으니 하나 저희 주신다구요? 역시 대장님입니다,spartame A,2022-01-12T11:14:12Z,27
@UNDERkg 🙆🏻🙆🏻🙆🏻🙆🏻🙆🏻🙆🏻🙆🏻🙆🏻🙆🏻,까치산역,2022-01-13T11:28:05Z,0
@UNDERkg 🙇🙇🙇🙇🙇🙇🙇🙇,민시박,2022-01-12T15:25:17Z,1
@UNDERkg 🙆🙆🙆🙆🙆🙆🙆🙆🙆🙆🙆,이상윤,2022-01-12T14:49:34Z,1
@UNDERkg 🙆🏻🙆🏻🙆🏻🙆🏻🙆🏻🙆🏻🙆🏻🙆🏻🙆🏻,l,2022-01-12T13:00:49Z,1
🙅🙅🙅🙅🙅🙅🙅🙅🙅🙅,UNDERkg,2022-01-12T11:33:08Z,15
오늘 인트로가 ㅋㅋㅋㅋㅋ 이번제품은 디자인이 되게 독특하네요 기능도 독특하구요 공기청정에 온풍이 될거라고는... 근데 하나를 꽁으로 받으시다니 ㅇㅅㅇ,TurboDodge,2022-01-12T11:13:53Z,1
@UNDERkg 얼떨결에 두개를 받으시는거네요 ㅋㅋㅋㅋ,TurboDodge,2022-01-12T11:15:10Z,0
넹 공기청정기 + 써큘레이터 + 온풍기 생각하면 될 듯.,UNDERkg,2022-01-12T11:14:27Z,1
롯데 월드타워 스피커,단디,2022-01-12T11:13:43Z,0
월드타워도 아니고 스피커도 아니잖아 ㅋㅋ,UNDERkg,2022-01-12T11:25:01Z,0
이게 대기업 고객서비스지..,황석현,2022-01-12T11:13:39Z,5
고맙긴 한데 왜인지 아직도 모르겠음 ㅋㅋ,UNDERkg,2022-01-12T11:15:00Z,2
ㄷㄷㄷ,Support,2022-01-12T11:13:31Z,0
ㅋㅋㅋㅋㅋㅋ,why,2022-01-12T11:13:26Z,0
픽셀....6....리뷰....,chad,2022-01-12T11:12:52Z,2
얼떨결에 원플원ㅋㅋㅋㅋㅋㅋㅋㅋㅋㅋ,리릭,2022-01-12T11:12:48Z,54
유튜버니까 줬겠죠...ㅎㅎ,1분영상,2022-02-14T09:33:20Z,0
@UNDERkg알고보니 잘못보내서 다시 내놓으라고 문자오면 ㅋㅋㅋㅋㅋ,조승우,2022-01-12T12:42:31Z,1
아직도 왜 이렇게 통 큰 선물을 줬는지 모르겠음 ㅋㅋ,UNDERkg,2022-01-12T11:13:49Z,12
LCK 개막날인 중요한 시간에 언더케이지는 못참죠 ㅋㅋ,신지훈,2022-01-12T11:12:18Z,15
이건 찐 의리다 ㅋㅋ,yoon,2022-01-12T11:48:57Z,2
의리 무엇,UNDERkg,2022-01-12T11:14:01Z,7
인트롴ㅋㅋㅋㅋㅋㅋㅋㅋㅋㅋㅋㅌㅋㅋㅋㅋㅌㅌㅋ,별냥이,2022-01-12T11:12:14Z,0
1빠다!!!! 좋아요 눌러 주세요 !!!!!,김승현,2022-01-12T11:12:13Z,0
하만카돈 스피커인줄...,Grace,2022-01-12T11:12:02Z,0
ㅋㅋㅋㅋ 싸이테이션?,UNDERkg,2022-01-12T11:14:41Z,0
2등,부엉이,2022-01-12T11:11:57Z,0
3,가나다,2022-01-12T11:11:52Z,0
1,펭구,2022-01-12T11:11:49Z,0
1등이네 ㅎㅎ,애플은사과,2022-01-12T11:11:47Z,0
오,테르밋,2022-01-12T11:11:44Z,0
와우,제로 Xero,2022-01-12T11:11:43Z,0
